-- phpMyAdmin SQL Dump
-- version 4.9.5deb2
-- https://www.phpmyadmin.net/
--
-- Хост: localhost:3306
-- Время создания: Май 12 2022 г., 15:14
-- Версия сервера: 10.3.34-MariaDB-0ubuntu0.20.04.1
-- Версия PHP: 7.4.3

SET SQL_MODE = "NO_AUTO_VALUE_ON_ZERO";
SET AUTOCOMMIT = 0;
START TRANSACTION;
SET time_zone = "+00:00";


/*!40101 SET @OLD_CHARACTER_SET_CLIENT=@@CHARACTER_SET_CLIENT */;
/*!40101 SET @OLD_CHARACTER_SET_RESULTS=@@CHARACTER_SET_RESULTS */;
/*!40101 SET @OLD_COLLATION_CONNECTION=@@COLLATION_CONNECTION */;
/*!40101 SET NAMES utf8mb4 */;

--
-- База данных: `biblioteka`
--

-- --------------------------------------------------------

--
-- Структура таблицы `department`
--

CREATE TABLE `department` (
  `dep_id` int(11) NOT NULL,
  `dep_name` varchar(30) NOT NULL,
  `dep_report` int(11) NOT NULL DEFAULT 1
) ENGINE=InnoDB DEFAULT CHARSET=utf8;

--
-- Дамп данных таблицы `department`
--

INSERT INTO `department` (`dep_id`, `dep_name`, `dep_report`) VALUES
(1, 'АУП', 0),
(2, 'Читальний зал', 1),
(3, 'Читальний зал для дітей', 1),
(4, 'Абонемент для дітей', 1),
(5, 'Абонемент для юнаків', 1),
(6, 'Абонемент для дорослих', 1),
(7, 'Інтернет-центр', 1),
(8, 'Сільська філія', 2),
(9, 'Методист', 3);

-- --------------------------------------------------------

--
-- Структура таблицы `documents`
--

CREATE TABLE `documents` (
  `document_id` int(11) NOT NULL,
  `document_name` varchar(50) NOT NULL,
  `document_priv` int(11) NOT NULL,
  `document_dep_report` varchar(50) NOT NULL
) ENGINE=InnoDB DEFAULT CHARSET=utf8;

--
-- Дамп данных таблицы `documents`
--

INSERT INTO `documents` (`document_id`, `document_name`, `document_priv`, `document_dep_report`) VALUES
(1, 'Річний звіт (6-НК)', 1, 'in (8,9)'),
(2, 'Щомісячні звіти', 1, '');

-- --------------------------------------------------------

--
-- Структура таблицы `document_data`
--

CREATE TABLE `document_data` (
  `dd_id` int(11) NOT NULL,
  `dd_docid` int(11) NOT NULL,
  `dd_fieldsid` int(11) NOT NULL,
  `dd_values` varchar(50) NOT NULL
) ENGINE=InnoDB DEFAULT CHARSET=utf8;

--
-- Дамп данных таблицы `document_data`
--

INSERT INTO `document_data` (`dd_id`, `dd_docid`, `dd_fieldsid`, `dd_values`) VALUES
(1, 1, 1, '50'),
(2, 1, 2, '20'),
(3, 1, 3, '30'),
(4, 1, 4, '0'),
(5, 1, 5, '1'),
(6, 1, 6, '1'),
(7, 1, 7, '0'),
(8, 1, 8, '0'),
(9, 1, 9, '0'),
(10, 1, 10, '1'),
(11, 1, 11, '0'),
(12, 1, 12, '1'),
(13, 1, 13, '0'),
(14, 1, 14, '1'),
(15, 1, 15, '0'),
(16, 1, 16, '0'),
(17, 1, 17, '15'),
(18, 1, 18, '0'),
(19, 1, 19, '0'),
(20, 1, 20, '0'),
(21, 1, 21, '0'),
(22, 1, 22, '0'),
(23, 1, 23, '0'),
(24, 1, 24, '0'),
(25, 1, 25, '0'),
(26, 1, 26, '0'),
(27, 1, 27, '0'),
(28, 1, 28, '0'),
(29, 1, 29, '0'),
(30, 1, 30, '0'),
(31, 1, 31, '665'),
(32, 1, 32, '502'),
(33, 1, 33, '0'),
(34, 1, 34, '502'),
(35, 1, 35, '0'),
(36, 1, 36, '50'),
(37, 1, 37, '20'),
(38, 1, 38, '25'),
(39, 1, 39, '338'),
(40, 1, 40, '69'),
(41, 1, 41, '337'),
(42, 1, 42, '166'),
(43, 1, 43, '8'),
(44, 1, 44, '16'),
(45, 1, 45, '88'),
(46, 1, 46, '78'),
(47, 1, 47, '0'),
(48, 1, 48, '0'),
(49, 1, 49, '0'),
(50, 1, 50, 'до 10'),
(51, 1, 51, '59'),
(52, 1, 52, '53'),
(53, 1, 53, '6'),
(54, 1, 54, '0'),
(55, 1, 55, '0'),
(56, 1, 56, '0'),
(57, 1, 57, '49'),
(58, 1, 58, '10'),
(59, 1, 59, '0'),
(60, 1, 60, '0'),
(61, 1, 61, '0'),
(62, 1, 62, '0'),
(63, 1, 63, '0'),
(64, 1, 64, '59'),
(65, 1, 65, '0'),
(66, 1, 66, '0'),
(67, 1, 67, '0'),
(68, 1, 68, '0'),
(69, 1, 69, '0'),
(70, 1, 70, '0'),
(71, 1, 71, '0'),
(72, 1, 72, '0'),
(73, 1, 73, '0'),
(74, 1, 74, '0'),
(75, 1, 75, '5162'),
(76, 1, 76, '5123'),
(77, 1, 77, '39'),
(78, 1, 78, '0'),
(79, 1, 79, '0'),
(80, 1, 80, '0'),
(81, 1, 81, '3541'),
(82, 1, 82, '1621'),
(83, 1, 83, '0'),
(84, 1, 84, '0'),
(85, 1, 85, '0'),
(86, 1, 86, '0'),
(87, 1, 87, '0'),
(88, 1, 88, '9610'),
(89, 1, 89, '8914'),
(90, 1, 90, '696'),
(91, 1, 91, '0'),
(92, 1, 92, '0'),
(93, 1, 93, '0'),
(94, 1, 94, '6437'),
(95, 1, 95, '3173'),
(96, 1, 96, '0'),
(97, 1, 97, '0'),
(98, 1, 98, '2670'),
(99, 1, 99, '2396'),
(100, 1, 100, '274'),
(101, 1, 101, '0'),
(102, 1, 102, '0'),
(103, 1, 103, '0'),
(104, 1, 104, '1803'),
(105, 1, 105, '867'),
(106, 1, 106, '0'),
(107, 1, 107, '0'),
(108, 1, 108, '0'),
(109, 1, 109, ' 0'),
(110, 1, 110, '0'),
(111, 1, 111, '0'),
(112, 1, 112, '0'),
(113, 1, 113, '0'),
(114, 1, 114, '0'),
(115, 1, 115, '0'),
(116, 1, 116, '0'),
(117, 1, 117, '0'),
(118, 1, 118, '0'),
(119, 1, 119, '13'),
(120, 1, 120, '0'),
(121, 1, 121, '20'),
(122, 1, 122, '0'),
(123, 1, 123, '1'),
(124, 1, 124, '1'),
(125, 1, 125, '0'),
(126, 1, 126, '0'),
(127, 1, 127, '1'),
(128, 1, 128, '0'),
(129, 1, 129, '0'),
(130, 1, 130, '0'),
(131, 1, 131, '1'),
(132, 1, 132, '0'),
(133, 1, 133, '0'),
(134, 1, 134, '1'),
(135, 1, 135, '0'),
(136, 1, 136, '0'),
(137, 1, 137, '1'),
(138, 1, 138, '0'),
(139, 1, 139, '0'),
(140, 1, 140, '0'),
(141, 1, 141, '0'),
(142, 1, 142, '68089'),
(143, 1, 143, '67223'),
(144, 1, 144, '61778'),
(145, 1, 145, '546'),
(146, 1, 146, '0'),
(147, 1, 147, '0'),
(148, 1, 148, '0'),
(149, 1, 149, '866'),
(150, 1, 150, '0'),
(151, 1, 151, '866'),
(152, 1, 152, '0'),
(153, 1, 153, '68089'),
(154, 1, 154, '61778'),
(155, 1, 155, '1412'),
(156, 1, 156, '546'),
(157, 1, 157, '0'),
(158, 1, 158, '0'),
(159, 1, 159, '0'),
(160, 1, 160, '0'),
(161, 1, 161, '0'),
(162, 1, 162, 'національна'),
(163, 1, 163, '1'),
(164, 1, 175, '0'),
(165, 1, 176, '0'),
(166, 1, 177, '0'),
(167, 1, 178, '0'),
(168, 1, 179, '0'),
(169, 1, 180, '0'),
(170, 1, 181, '0'),
(171, 1, 182, '0'),
(172, 1, 183, '1884'),
(173, 1, 184, 'Так'),
(174, 2, 1, '110'),
(175, 2, 2, '50'),
(176, 2, 3, '60'),
(177, 2, 4, '1'),
(178, 2, 5, '1'),
(179, 2, 6, '1'),
(180, 2, 7, '0'),
(181, 2, 8, '0'),
(182, 2, 9, '0'),
(183, 2, 10, '1'),
(184, 2, 11, '0'),
(185, 2, 12, '1'),
(186, 2, 13, '0'),
(187, 2, 14, '1'),
(188, 2, 15, '0'),
(189, 2, 16, '0'),
(190, 2, 17, '30'),
(191, 2, 18, '0'),
(192, 2, 19, '0'),
(193, 2, 20, '1'),
(194, 2, 21, '2'),
(195, 2, 22, '2'),
(196, 2, 23, '2'),
(197, 2, 24, '2'),
(198, 2, 25, '0'),
(199, 2, 26, '2'),
(200, 2, 27, '5'),
(201, 2, 28, '0'),
(202, 2, 29, '0'),
(203, 2, 30, '0'),
(204, 2, 31, '720'),
(205, 2, 32, '493'),
(206, 2, 33, '0'),
(207, 2, 34, '493'),
(208, 2, 35, '57'),
(209, 2, 36, '80'),
(210, 2, 37, '71'),
(211, 2, 38, '69'),
(212, 2, 39, '201'),
(213, 2, 40, '15'),
(214, 2, 41, '2124'),
(215, 2, 42, '90'),
(216, 2, 43, '10'),
(217, 2, 44, '8'),
(218, 2, 45, '50'),
(219, 2, 46, '40'),
(220, 2, 47, '0'),
(221, 2, 48, '0'),
(222, 2, 49, '0'),
(223, 2, 50, 'â³ä 31 äî 40 âêëþ÷íî'),
(224, 2, 51, '25'),
(225, 2, 52, '25'),
(226, 2, 53, '0'),
(227, 2, 54, '0'),
(228, 2, 55, '0'),
(229, 2, 56, '0'),
(230, 2, 57, '25'),
(231, 2, 58, '0'),
(232, 2, 59, '0'),
(233, 2, 60, '0'),
(234, 2, 61, '0'),
(235, 2, 62, '0'),
(236, 2, 63, '0'),
(237, 2, 64, '25'),
(238, 2, 65, '0'),
(239, 2, 66, '0'),
(240, 2, 67, '0'),
(241, 2, 68, '0'),
(242, 2, 69, '0'),
(243, 2, 70, '0'),
(244, 2, 71, '0'),
(245, 2, 72, '0'),
(246, 2, 73, '0'),
(247, 2, 74, '0'),
(248, 2, 75, '10582'),
(249, 2, 76, '10502'),
(250, 2, 77, '80'),
(251, 2, 78, '0'),
(252, 2, 79, '0'),
(253, 2, 80, '0'),
(254, 2, 81, '7027'),
(255, 2, 82, '3555'),
(256, 2, 83, '0'),
(257, 2, 84, '0'),
(258, 2, 85, '0'),
(259, 2, 86, '0'),
(260, 2, 87, '0'),
(261, 2, 88, '6474'),
(262, 2, 89, '5027'),
(263, 2, 90, '1447'),
(264, 2, 91, '0'),
(265, 2, 92, '0'),
(266, 2, 93, '0'),
(267, 2, 94, '5486'),
(268, 2, 95, '988'),
(269, 2, 96, '0'),
(270, 2, 97, '0'),
(271, 2, 98, '2443'),
(272, 2, 99, '1946'),
(273, 2, 100, '497'),
(274, 2, 101, '0'),
(275, 2, 102, '0'),
(276, 2, 103, '0'),
(277, 2, 104, '2169'),
(278, 2, 105, '274'),
(279, 2, 106, '0'),
(280, 2, 107, '0'),
(281, 2, 108, '0'),
(282, 2, 109, '0'),
(283, 2, 110, '0'),
(284, 2, 111, '0'),
(285, 2, 112, '0'),
(286, 2, 113, '0'),
(287, 2, 114, '0'),
(288, 2, 115, '0'),
(289, 2, 116, '0'),
(290, 2, 117, '0'),
(291, 2, 118, '0'),
(292, 2, 119, '0'),
(293, 2, 120, '0'),
(294, 2, 121, '0'),
(295, 2, 122, '0'),
(296, 2, 123, '1'),
(297, 2, 124, '1'),
(298, 2, 125, '1'),
(299, 2, 126, '0'),
(300, 2, 127, '0'),
(301, 2, 128, '0'),
(302, 2, 129, '1'),
(303, 2, 130, '0'),
(304, 2, 131, '0'),
(305, 2, 132, '0'),
(306, 2, 133, '1'),
(307, 2, 134, '0'),
(308, 2, 135, '0'),
(309, 2, 136, '0'),
(310, 2, 137, '1'),
(311, 2, 138, '0'),
(312, 2, 139, '0'),
(313, 2, 140, '0'),
(314, 2, 141, '0'),
(315, 2, 142, '74034'),
(316, 2, 143, '73604'),
(317, 2, 144, '68240'),
(318, 2, 145, '0'),
(319, 2, 146, '0'),
(320, 2, 147, '0'),
(321, 2, 148, '0'),
(322, 2, 149, '430'),
(323, 2, 150, '0'),
(324, 2, 151, '430'),
(325, 2, 152, '0'),
(326, 2, 153, '74034'),
(327, 2, 154, '68240'),
(328, 2, 155, '430'),
(329, 2, 156, '0'),
(330, 2, 157, '0'),
(331, 2, 158, '0'),
(332, 2, 159, '0'),
(333, 2, 160, '0'),
(334, 2, 161, '0'),
(335, 2, 162, 'ïîçà ãðóïîþ'),
(336, 2, 163, '0'),
(337, 2, 175, '0'),
(338, 2, 176, '0'),
(339, 2, 177, '0'),
(340, 2, 178, '0'),
(341, 2, 179, '0'),
(342, 2, 180, '0'),
(343, 2, 181, '0'),
(344, 2, 182, '0'),
(345, 2, 183, '1522'),
(346, 2, 184, 'Òàê'),
(347, 3, 1, '57'),
(348, 3, 2, '45'),
(349, 3, 3, '12'),
(350, 3, 4, '0'),
(351, 3, 5, '1'),
(352, 3, 6, '1'),
(353, 3, 7, '0'),
(354, 3, 8, '0'),
(355, 3, 9, '0'),
(356, 3, 10, '0'),
(357, 3, 11, '1'),
(358, 3, 12, '1'),
(359, 3, 13, '0'),
(360, 3, 14, '1'),
(361, 3, 15, '0'),
(362, 3, 16, '1'),
(363, 3, 17, '18'),
(364, 3, 18, '0'),
(365, 3, 19, '0'),
(366, 3, 20, '0'),
(367, 3, 21, '0'),
(368, 3, 22, '0'),
(369, 3, 23, '0'),
(370, 3, 24, '0'),
(371, 3, 25, '0'),
(372, 3, 26, '0'),
(373, 3, 27, '0'),
(374, 3, 28, '0'),
(375, 3, 29, '0'),
(376, 3, 30, '0'),
(377, 3, 31, '540'),
(378, 3, 32, '450'),
(379, 3, 33, '0'),
(380, 3, 34, '450'),
(381, 3, 35, '8'),
(382, 3, 36, '42'),
(383, 3, 37, '22'),
(384, 3, 38, '36'),
(385, 3, 39, '286'),
(386, 3, 40, '56'),
(387, 3, 41, '1420'),
(388, 3, 42, '210'),
(389, 3, 43, '6'),
(390, 3, 44, '4'),
(391, 3, 45, '85'),
(392, 3, 46, '125'),
(393, 3, 47, '0'),
(394, 3, 48, '0'),
(395, 3, 49, '0'),
(396, 3, 50, 'до 10'),
(397, 3, 51, '4'),
(398, 3, 52, '4'),
(399, 3, 53, '0'),
(400, 3, 54, '0'),
(401, 3, 55, '0'),
(402, 3, 56, '0'),
(403, 3, 57, '4'),
(404, 3, 58, '0'),
(405, 3, 59, '0'),
(406, 3, 60, '0'),
(407, 3, 61, '0'),
(408, 3, 62, '0'),
(409, 3, 63, '0'),
(410, 3, 64, '4'),
(411, 3, 65, '0'),
(412, 3, 66, '0'),
(413, 3, 67, '0'),
(414, 3, 68, '0'),
(415, 3, 69, '0'),
(416, 3, 70, '0'),
(417, 3, 71, '0'),
(418, 3, 72, '0'),
(419, 3, 73, '0'),
(420, 3, 74, '0'),
(421, 3, 75, '6904'),
(422, 3, 76, '6896'),
(423, 3, 77, '6'),
(424, 3, 78, '2'),
(425, 3, 79, '0'),
(426, 3, 80, '0'),
(427, 3, 81, '3289'),
(428, 3, 82, '3615'),
(429, 3, 83, '0'),
(430, 3, 84, '0'),
(431, 3, 85, '0'),
(432, 3, 86, '0'),
(433, 3, 87, '0'),
(434, 3, 88, '4600'),
(435, 3, 89, '4350'),
(436, 3, 90, '250'),
(437, 3, 91, '0'),
(438, 3, 92, '0'),
(439, 3, 93, '0'),
(440, 3, 94, '3593'),
(441, 3, 95, '1007'),
(442, 3, 96, '0'),
(443, 3, 97, '0'),
(444, 3, 98, '1580'),
(445, 3, 99, '1470'),
(446, 3, 100, '110'),
(447, 3, 101, '0'),
(448, 3, 102, '0'),
(449, 3, 103, '0'),
(450, 3, 104, '1360'),
(451, 3, 105, '220'),
(452, 3, 106, '0'),
(453, 3, 107, '0'),
(454, 3, 108, '0'),
(455, 3, 109, ' 0'),
(456, 3, 110, '0'),
(457, 3, 111, '0'),
(458, 3, 112, '0'),
(459, 3, 113, '0'),
(460, 3, 114, '0'),
(461, 3, 115, '0'),
(462, 3, 116, '0'),
(463, 3, 117, '0'),
(464, 3, 118, '0'),
(465, 3, 119, '0'),
(466, 3, 120, '0'),
(467, 3, 121, '0'),
(468, 3, 122, '0'),
(469, 3, 123, '1'),
(470, 3, 124, '1'),
(471, 3, 125, '1'),
(472, 3, 126, '1'),
(473, 3, 127, '0'),
(474, 3, 128, '0'),
(475, 3, 129, '0'),
(476, 3, 130, '0'),
(477, 3, 131, '1'),
(478, 3, 132, '0'),
(479, 3, 133, '1'),
(480, 3, 134, '0'),
(481, 3, 135, '0'),
(482, 3, 136, '0'),
(483, 3, 137, '1'),
(484, 3, 138, '0'),
(485, 3, 139, '0'),
(486, 3, 140, '0'),
(487, 3, 141, '0'),
(488, 3, 142, '75658'),
(489, 3, 143, '75228'),
(490, 3, 144, '69746'),
(491, 3, 145, '0'),
(492, 3, 146, '0'),
(493, 3, 147, '0'),
(494, 3, 148, '0'),
(495, 3, 149, '430'),
(496, 3, 150, '0'),
(497, 3, 151, '430'),
(498, 3, 152, '0'),
(499, 3, 153, '75658'),
(500, 3, 154, '69746'),
(501, 3, 155, '430'),
(502, 3, 156, '0'),
(503, 3, 157, '0'),
(504, 3, 158, '0'),
(505, 3, 159, '0'),
(506, 3, 160, '0'),
(507, 3, 161, '0'),
(508, 3, 162, 'національна'),
(509, 3, 163, '0'),
(510, 3, 175, '0'),
(511, 3, 176, '0'),
(512, 3, 177, '0'),
(513, 3, 178, '0'),
(514, 3, 179, '0'),
(515, 3, 180, '0'),
(516, 3, 181, '0'),
(517, 3, 182, '0'),
(518, 3, 183, '1866'),
(519, 3, 184, 'Так'),
(520, 4, 1, ''),
(521, 4, 2, ''),
(522, 4, 3, ''),
(523, 4, 4, ''),
(524, 4, 5, ''),
(525, 4, 6, ''),
(526, 4, 7, ''),
(527, 4, 8, ''),
(528, 4, 9, ''),
(529, 4, 10, ''),
(530, 4, 11, ''),
(531, 4, 12, ''),
(532, 4, 13, ''),
(533, 4, 14, ''),
(534, 4, 15, ''),
(535, 4, 16, ''),
(536, 4, 17, ''),
(537, 4, 18, ''),
(538, 4, 19, ''),
(539, 4, 20, ''),
(540, 4, 21, ''),
(541, 4, 22, ''),
(542, 4, 23, ''),
(543, 4, 24, ''),
(544, 4, 25, ''),
(545, 4, 26, ''),
(546, 4, 27, ''),
(547, 4, 28, ''),
(548, 4, 29, ''),
(549, 4, 30, ''),
(550, 4, 31, ''),
(551, 4, 32, ''),
(552, 4, 33, ''),
(553, 4, 34, ''),
(554, 4, 35, ''),
(555, 4, 36, ''),
(556, 4, 37, ''),
(557, 4, 38, ''),
(558, 4, 39, ''),
(559, 4, 40, ''),
(560, 4, 41, ''),
(561, 4, 42, ''),
(562, 4, 43, ''),
(563, 4, 44, ''),
(564, 4, 45, ''),
(565, 4, 46, ''),
(566, 4, 47, ''),
(567, 4, 48, ''),
(568, 4, 49, ''),
(569, 4, 50, ''),
(570, 4, 51, ''),
(571, 4, 52, ''),
(572, 4, 53, ''),
(573, 4, 54, ''),
(574, 4, 55, ''),
(575, 4, 56, ''),
(576, 4, 57, ''),
(577, 4, 58, ''),
(578, 4, 59, ''),
(579, 4, 60, ''),
(580, 4, 61, ''),
(581, 4, 62, ''),
(582, 4, 63, ''),
(583, 4, 64, ''),
(584, 4, 65, ''),
(585, 4, 66, ''),
(586, 4, 67, ''),
(587, 4, 68, ''),
(588, 4, 69, ''),
(589, 4, 70, ''),
(590, 4, 71, ''),
(591, 4, 72, ''),
(592, 4, 73, ''),
(593, 4, 74, ''),
(594, 4, 75, ''),
(595, 4, 76, ''),
(596, 4, 77, ''),
(597, 4, 78, ''),
(598, 4, 79, ''),
(599, 4, 80, ''),
(600, 4, 81, ''),
(601, 4, 82, ''),
(602, 4, 83, ''),
(603, 4, 84, ''),
(604, 4, 85, ''),
(605, 4, 86, ''),
(606, 4, 87, ''),
(607, 4, 88, ''),
(608, 4, 89, ''),
(609, 4, 90, ''),
(610, 4, 91, ''),
(611, 4, 92, ''),
(612, 4, 93, ''),
(613, 4, 94, ''),
(614, 4, 95, ''),
(615, 4, 96, ''),
(616, 4, 97, ''),
(617, 4, 98, ''),
(618, 4, 99, ''),
(619, 4, 100, ''),
(620, 4, 101, ''),
(621, 4, 102, ''),
(622, 4, 103, ''),
(623, 4, 104, ''),
(624, 4, 105, ''),
(625, 4, 106, ''),
(626, 4, 107, ''),
(627, 4, 108, ''),
(628, 4, 109, ''),
(629, 4, 110, ''),
(630, 4, 111, ''),
(631, 4, 112, ''),
(632, 4, 113, ''),
(633, 4, 114, ''),
(634, 4, 115, ''),
(635, 4, 116, ''),
(636, 4, 117, ''),
(637, 4, 118, ''),
(638, 4, 119, ''),
(639, 4, 120, ''),
(640, 4, 121, ''),
(641, 4, 122, ''),
(642, 4, 123, ''),
(643, 4, 124, ''),
(644, 4, 125, ''),
(645, 4, 126, ''),
(646, 4, 127, ''),
(647, 4, 128, ''),
(648, 4, 129, ''),
(649, 4, 130, ''),
(650, 4, 131, ''),
(651, 4, 132, ''),
(652, 4, 133, ''),
(653, 4, 134, ''),
(654, 4, 135, ''),
(655, 4, 136, ''),
(656, 4, 137, ''),
(657, 4, 138, ''),
(658, 4, 139, ''),
(659, 4, 140, ''),
(660, 4, 141, ''),
(661, 4, 142, ''),
(662, 4, 143, ''),
(663, 4, 144, ''),
(664, 4, 145, ''),
(665, 4, 146, ''),
(666, 4, 147, ''),
(667, 4, 148, ''),
(668, 4, 149, ''),
(669, 4, 150, ''),
(670, 4, 151, ''),
(671, 4, 152, ''),
(672, 4, 153, ''),
(673, 4, 154, ''),
(674, 4, 155, ''),
(675, 4, 156, ''),
(676, 4, 157, ''),
(677, 4, 158, ''),
(678, 4, 159, ''),
(679, 4, 160, ''),
(680, 4, 161, ''),
(681, 4, 162, ''),
(682, 4, 163, ''),
(683, 4, 175, '0'),
(684, 4, 176, '0'),
(685, 4, 177, '0'),
(686, 4, 178, '0'),
(687, 4, 179, ''),
(688, 4, 180, ''),
(689, 4, 181, ''),
(690, 4, 182, ''),
(691, 4, 183, ''),
(692, 4, 184, ''),
(693, 5, 1, ''),
(694, 5, 2, ''),
(695, 5, 3, ''),
(696, 5, 4, ''),
(697, 5, 5, ''),
(698, 5, 6, ''),
(699, 5, 7, ''),
(700, 5, 8, ''),
(701, 5, 9, ''),
(702, 5, 10, ''),
(703, 5, 11, ''),
(704, 5, 12, ''),
(705, 5, 13, ''),
(706, 5, 14, ''),
(707, 5, 15, ''),
(708, 5, 16, ''),
(709, 5, 17, ''),
(710, 5, 18, ''),
(711, 5, 19, ''),
(712, 5, 20, ''),
(713, 5, 21, ''),
(714, 5, 22, ''),
(715, 5, 23, ''),
(716, 5, 24, ''),
(717, 5, 25, ''),
(718, 5, 26, ''),
(719, 5, 27, ''),
(720, 5, 28, ''),
(721, 5, 29, ''),
(722, 5, 30, ''),
(723, 5, 31, '400'),
(724, 5, 32, '387'),
(725, 5, 33, '0'),
(726, 5, 34, '387'),
(727, 5, 35, '20'),
(728, 5, 36, '57'),
(729, 5, 37, '25'),
(730, 5, 38, '23'),
(731, 5, 39, '200'),
(732, 5, 40, '62'),
(733, 5, 41, '1861'),
(734, 5, 42, '241'),
(735, 5, 43, '0'),
(736, 5, 44, '0'),
(737, 5, 45, '0'),
(738, 5, 46, '0'),
(739, 5, 47, '0'),
(740, 5, 48, '0'),
(741, 5, 49, '0'),
(742, 5, 50, 'від 31 до 40 включно'),
(743, 5, 51, '72'),
(744, 5, 52, '0'),
(745, 5, 53, '72'),
(746, 5, 54, '0'),
(747, 5, 55, '0'),
(748, 5, 56, '0'),
(749, 5, 57, '72'),
(750, 5, 58, '0'),
(751, 5, 59, '0'),
(752, 5, 60, '0'),
(753, 5, 61, '0'),
(754, 5, 62, '0'),
(755, 5, 63, '0'),
(756, 5, 64, '72'),
(757, 5, 65, '4254'),
(758, 5, 66, '4182'),
(759, 5, 67, '72'),
(760, 5, 68, '0'),
(761, 5, 69, '0'),
(762, 5, 70, '0'),
(763, 5, 71, '1258'),
(764, 5, 72, '2996'),
(765, 5, 73, '0'),
(766, 5, 74, '0'),
(767, 5, 75, '4526'),
(768, 5, 76, '4526'),
(769, 5, 77, '0'),
(770, 5, 78, '0'),
(771, 5, 79, '0'),
(772, 5, 80, '0'),
(773, 5, 81, '2215'),
(774, 5, 82, '2311'),
(775, 5, 83, '0'),
(776, 5, 84, '0'),
(777, 5, 85, '0'),
(778, 5, 86, '0'),
(779, 5, 87, '0'),
(780, 5, 88, '7690'),
(781, 5, 89, '7537'),
(782, 5, 90, '153'),
(783, 5, 91, '0'),
(784, 5, 92, '0'),
(785, 5, 93, '0'),
(786, 5, 94, '5647'),
(787, 5, 95, '2043'),
(788, 5, 96, '0'),
(789, 5, 97, '0'),
(790, 5, 98, '2610'),
(791, 5, 99, '2500'),
(792, 5, 100, '110'),
(793, 5, 101, '0'),
(794, 5, 102, '0'),
(795, 5, 103, '0'),
(796, 5, 104, '2005'),
(797, 5, 105, '605'),
(798, 5, 106, '0'),
(799, 5, 107, '0'),
(800, 5, 108, '0'),
(801, 5, 109, '0 '),
(802, 5, 110, '0'),
(803, 5, 111, '0'),
(804, 5, 112, '0'),
(805, 5, 113, '0'),
(806, 5, 114, '0'),
(807, 5, 115, '0'),
(808, 5, 116, '0'),
(809, 5, 117, ''),
(810, 5, 118, ''),
(811, 5, 119, '6'),
(812, 5, 120, '0'),
(813, 5, 121, '0'),
(814, 5, 122, '0'),
(815, 5, 123, '1'),
(816, 5, 124, '1'),
(817, 5, 125, '0'),
(818, 5, 126, '0'),
(819, 5, 127, '1'),
(820, 5, 128, '0'),
(821, 5, 129, '0'),
(822, 5, 130, '0'),
(823, 5, 131, '1'),
(824, 5, 132, '0'),
(825, 5, 133, '0'),
(826, 5, 134, '0'),
(827, 5, 135, '1'),
(828, 5, 136, '0'),
(829, 5, 137, '1'),
(830, 5, 138, '0'),
(831, 5, 139, '0'),
(832, 5, 140, '0'),
(833, 5, 141, '0'),
(834, 5, 142, '0'),
(835, 5, 143, '0'),
(836, 5, 144, '0'),
(837, 5, 145, '0'),
(838, 5, 146, '0'),
(839, 5, 147, '0'),
(840, 5, 148, '0'),
(841, 5, 149, '0'),
(842, 5, 150, '0'),
(843, 5, 151, '0'),
(844, 5, 152, '0'),
(845, 5, 153, '0'),
(846, 5, 154, '0'),
(847, 5, 155, '0'),
(848, 5, 156, '0'),
(849, 5, 157, '0'),
(850, 5, 158, '0'),
(851, 5, 159, '0'),
(852, 5, 160, '0'),
(853, 5, 161, '0'),
(854, 5, 162, 'поза групою'),
(855, 5, 163, '0'),
(856, 5, 175, '0'),
(857, 5, 176, '0'),
(858, 5, 177, '0'),
(859, 5, 178, '0'),
(860, 5, 179, '0'),
(861, 5, 180, '0'),
(862, 5, 181, '0'),
(863, 5, 182, '0'),
(864, 5, 183, '3255'),
(865, 5, 184, 'Так'),
(866, 6, 1, '45'),
(867, 6, 2, '20'),
(868, 6, 3, '25'),
(869, 6, 4, '0'),
(870, 6, 5, '1'),
(871, 6, 6, '1'),
(872, 6, 7, '0'),
(873, 6, 8, '0'),
(874, 6, 9, '0'),
(875, 6, 10, '1'),
(876, 6, 11, '0'),
(877, 6, 12, '1'),
(878, 6, 13, '0'),
(879, 6, 14, '1'),
(880, 6, 15, '0'),
(881, 6, 16, '0'),
(882, 6, 17, '15'),
(883, 6, 18, '0'),
(884, 6, 19, '0'),
(885, 6, 20, '0'),
(886, 6, 21, '1'),
(887, 6, 22, '1'),
(888, 6, 23, '0'),
(889, 6, 24, '0'),
(890, 6, 25, '0'),
(891, 6, 26, '0'),
(892, 6, 27, '1'),
(893, 6, 28, '0'),
(894, 6, 29, '0'),
(895, 6, 30, '0'),
(896, 6, 31, '535'),
(897, 6, 32, '325'),
(898, 6, 33, '0'),
(899, 6, 34, '325'),
(900, 6, 35, '5'),
(901, 6, 36, '52'),
(902, 6, 37, '4'),
(903, 6, 38, '26'),
(904, 6, 39, '181'),
(905, 6, 40, '57'),
(906, 6, 41, '1995'),
(907, 6, 42, '145'),
(908, 6, 43, '6'),
(909, 6, 44, '5'),
(910, 6, 45, '95'),
(911, 6, 46, '50'),
(912, 6, 47, '0'),
(913, 6, 48, '0'),
(914, 6, 49, '0'),
(915, 6, 50, 'до 10'),
(916, 6, 51, '23'),
(917, 6, 52, '15'),
(918, 6, 53, '8'),
(919, 6, 54, '0'),
(920, 6, 55, '0'),
(921, 6, 56, '0'),
(922, 6, 57, '23'),
(923, 6, 58, '0'),
(924, 6, 59, '0'),
(925, 6, 60, '0'),
(926, 6, 61, '0'),
(927, 6, 62, '0'),
(928, 6, 63, '0'),
(929, 6, 64, '23'),
(930, 6, 65, '14'),
(931, 6, 66, '0'),
(932, 6, 67, '14'),
(933, 6, 68, '0'),
(934, 6, 69, '0'),
(935, 6, 70, '0'),
(936, 6, 71, '14'),
(937, 6, 72, '0'),
(938, 6, 73, '0'),
(939, 6, 74, '0'),
(940, 6, 75, '6330'),
(941, 6, 76, '6255'),
(942, 6, 77, '71'),
(943, 6, 78, '4'),
(944, 6, 79, '0'),
(945, 6, 80, '0'),
(946, 6, 81, '1168'),
(947, 6, 82, '5162'),
(948, 6, 83, '0'),
(949, 6, 84, '0'),
(950, 6, 85, '0'),
(951, 6, 86, '0'),
(952, 6, 87, '0'),
(953, 6, 88, '4800'),
(954, 6, 89, '4715'),
(955, 6, 90, '85'),
(956, 6, 91, '0'),
(957, 6, 92, '0'),
(958, 6, 93, '0'),
(959, 6, 94, '2200'),
(960, 6, 95, '2600'),
(961, 6, 96, '0'),
(962, 6, 97, '0'),
(963, 6, 98, '2245'),
(964, 6, 99, '2225'),
(965, 6, 100, '20'),
(966, 6, 101, '0'),
(967, 6, 102, '0'),
(968, 6, 103, '0'),
(969, 6, 104, '2000'),
(970, 6, 105, '245'),
(971, 6, 106, '0'),
(972, 6, 107, '0'),
(973, 6, 108, '0'),
(974, 6, 109, '  0'),
(975, 6, 110, '0'),
(976, 6, 111, '0'),
(977, 6, 112, '0'),
(978, 6, 113, '0'),
(979, 6, 114, '0'),
(980, 6, 115, '0'),
(981, 6, 116, '0'),
(982, 6, 117, '0'),
(983, 6, 118, '0'),
(984, 6, 119, '25'),
(985, 6, 120, '0'),
(986, 6, 121, '0'),
(987, 6, 122, '0'),
(988, 6, 123, '1'),
(989, 6, 124, '1'),
(990, 6, 125, '0'),
(991, 6, 126, '0'),
(992, 6, 127, '1'),
(993, 6, 128, '1'),
(994, 6, 129, '0'),
(995, 6, 130, '0'),
(996, 6, 131, '1'),
(997, 6, 132, '0'),
(998, 6, 133, '0'),
(999, 6, 134, '0'),
(1000, 6, 135, '1'),
(1001, 6, 136, '0'),
(1002, 6, 137, '0'),
(1003, 6, 138, '1'),
(1004, 6, 139, '0'),
(1005, 6, 140, '0'),
(1006, 6, 141, '0'),
(1007, 6, 142, '63464'),
(1008, 6, 143, '62838'),
(1009, 6, 144, '58259'),
(1010, 6, 145, '0'),
(1011, 6, 146, '0'),
(1012, 6, 147, '0'),
(1013, 6, 148, '0'),
(1014, 6, 149, '626'),
(1015, 6, 150, '0'),
(1016, 6, 151, '626'),
(1017, 6, 152, '0'),
(1018, 6, 153, '63464'),
(1019, 6, 154, '58259'),
(1020, 6, 155, '626'),
(1021, 6, 156, '0'),
(1022, 6, 157, '0'),
(1023, 6, 158, '0'),
(1024, 6, 159, '0'),
(1025, 6, 160, '0'),
(1026, 6, 161, '0'),
(1027, 6, 162, 'національна'),
(1028, 6, 163, '0'),
(1029, 6, 175, '0'),
(1030, 6, 176, '0'),
(1031, 6, 177, '0'),
(1032, 6, 178, '0'),
(1033, 6, 179, '0'),
(1034, 6, 180, '0'),
(1035, 6, 181, '0'),
(1036, 6, 182, '0'),
(1037, 6, 183, '936'),
(1038, 6, 184, 'Так'),
(1039, 7, 1, '46,5'),
(1040, 7, 2, '23,25'),
(1041, 7, 3, '23,25'),
(1042, 7, 4, '0'),
(1043, 7, 5, '1'),
(1044, 7, 6, '1'),
(1045, 7, 7, '0'),
(1046, 7, 8, '0'),
(1047, 7, 9, '0'),
(1048, 7, 10, '1'),
(1049, 7, 11, '0'),
(1050, 7, 12, '1'),
(1051, 7, 13, '0'),
(1052, 7, 14, '1'),
(1053, 7, 15, '0'),
(1054, 7, 16, '1'),
(1055, 7, 17, '15'),
(1056, 7, 18, '0'),
(1057, 7, 19, '0'),
(1058, 7, 20, '1'),
(1059, 7, 21, '4'),
(1060, 7, 22, '4'),
(1061, 7, 23, '4'),
(1062, 7, 24, '4'),
(1063, 7, 25, '0'),
(1064, 7, 26, '2'),
(1065, 7, 27, '1'),
(1066, 7, 28, '0'),
(1067, 7, 29, '0'),
(1068, 7, 30, '0'),
(1069, 7, 31, '630'),
(1070, 7, 32, '504'),
(1071, 7, 33, '0'),
(1072, 7, 34, '504'),
(1073, 7, 35, '3'),
(1074, 7, 36, '67'),
(1075, 7, 37, '30'),
(1076, 7, 38, '37'),
(1077, 7, 39, '357'),
(1078, 7, 40, '10'),
(1079, 7, 41, '5322'),
(1080, 7, 42, '225'),
(1081, 7, 43, '30'),
(1082, 7, 44, '15'),
(1083, 7, 45, '150'),
(1084, 7, 46, '75'),
(1085, 7, 47, '0'),
(1086, 7, 48, '0'),
(1087, 7, 49, '0'),
(1088, 7, 50, 'до 10'),
(1089, 7, 51, '69'),
(1090, 7, 52, '33'),
(1091, 7, 53, '36'),
(1092, 7, 54, '0'),
(1093, 7, 55, '0'),
(1094, 7, 56, '0'),
(1095, 7, 57, '59'),
(1096, 7, 58, '10'),
(1097, 7, 59, '0'),
(1098, 7, 60, '0'),
(1099, 7, 61, '0'),
(1100, 7, 62, '0'),
(1101, 7, 63, '0'),
(1102, 7, 64, '69'),
(1103, 7, 65, '239'),
(1104, 7, 66, '160'),
(1105, 7, 67, '79'),
(1106, 7, 68, '0'),
(1107, 7, 69, '0'),
(1108, 7, 70, '0'),
(1109, 7, 71, '122'),
(1110, 7, 72, '117'),
(1111, 7, 73, '0'),
(1112, 7, 74, '0'),
(1113, 7, 75, '8305'),
(1114, 7, 76, '7857'),
(1115, 7, 77, '446'),
(1116, 7, 78, '2'),
(1117, 7, 79, '0'),
(1118, 7, 80, '0'),
(1119, 7, 81, '3075'),
(1120, 7, 82, '5230'),
(1121, 7, 83, '0'),
(1122, 7, 84, '0'),
(1123, 7, 85, '0'),
(1124, 7, 86, '0'),
(1125, 7, 87, '0'),
(1126, 7, 88, '6570'),
(1127, 7, 89, '6290'),
(1128, 7, 90, '280'),
(1129, 7, 91, '0'),
(1130, 7, 92, '0'),
(1131, 7, 93, '0'),
(1132, 7, 94, '6295'),
(1133, 7, 95, '275'),
(1134, 7, 96, '0'),
(1135, 7, 97, '0'),
(1136, 7, 98, '2120'),
(1137, 7, 99, '2028'),
(1138, 7, 100, '92'),
(1139, 7, 101, '0'),
(1140, 7, 102, '0'),
(1141, 7, 103, '0'),
(1142, 7, 104, '2090'),
(1143, 7, 105, '30'),
(1144, 7, 106, '0'),
(1145, 7, 107, '0'),
(1146, 7, 108, '1'),
(1147, 7, 109, ' 1'),
(1148, 7, 110, '3252'),
(1149, 7, 111, '1'),
(1150, 7, 112, '0'),
(1151, 7, 113, '0'),
(1152, 7, 114, '0'),
(1153, 7, 115, '0'),
(1154, 7, 116, '0'),
(1155, 7, 117, '0'),
(1156, 7, 118, '0'),
(1157, 7, 119, '15'),
(1158, 7, 120, '0'),
(1159, 7, 121, '0'),
(1160, 7, 122, '0'),
(1161, 7, 123, '1'),
(1162, 7, 124, '1'),
(1163, 7, 125, '0'),
(1164, 7, 126, '0'),
(1165, 7, 127, '1'),
(1166, 7, 128, '1'),
(1167, 7, 129, '0'),
(1168, 7, 130, '0'),
(1169, 7, 131, '1'),
(1170, 7, 132, '0'),
(1171, 7, 133, '0'),
(1172, 7, 134, '0'),
(1173, 7, 135, '1'),
(1174, 7, 136, '0'),
(1175, 7, 137, '1'),
(1176, 7, 138, '0'),
(1177, 7, 139, '0'),
(1178, 7, 140, '0'),
(1179, 7, 141, '0'),
(1180, 7, 142, '105575'),
(1181, 7, 143, '104713'),
(1182, 7, 144, '95739'),
(1183, 7, 145, '1343'),
(1184, 7, 146, '0'),
(1185, 7, 147, '0'),
(1186, 7, 148, '0'),
(1187, 7, 149, '862'),
(1188, 7, 150, '0'),
(1189, 7, 151, '862'),
(1190, 7, 152, '0'),
(1191, 7, 153, '105575'),
(1192, 7, 154, '95739'),
(1193, 7, 155, '2205'),
(1194, 7, 156, '1343'),
(1195, 7, 157, '0'),
(1196, 7, 158, '0'),
(1197, 7, 159, '0'),
(1198, 7, 160, '0'),
(1199, 7, 161, '0'),
(1200, 7, 162, 'національна'),
(1201, 7, 163, '0'),
(1202, 7, 175, '0'),
(1203, 7, 176, '0'),
(1204, 7, 177, '0'),
(1205, 7, 178, '0'),
(1206, 7, 179, '0'),
(1207, 7, 180, '0'),
(1208, 7, 181, '0'),
(1209, 7, 182, '0'),
(1210, 7, 183, '1884'),
(1211, 7, 184, 'Так'),
(1212, 8, 1, '70'),
(1213, 8, 2, '20'),
(1214, 8, 3, '50'),
(1215, 8, 4, '0'),
(1216, 8, 5, '1'),
(1217, 8, 6, '1'),
(1218, 8, 7, '0'),
(1219, 8, 8, '0'),
(1220, 8, 9, '0'),
(1221, 8, 10, '1'),
(1222, 8, 11, '0'),
(1223, 8, 12, '1'),
(1224, 8, 13, '0'),
(1225, 8, 14, '1'),
(1226, 8, 15, '0'),
(1227, 8, 16, '0'),
(1228, 8, 17, '6'),
(1229, 8, 18, '0'),
(1230, 8, 19, '0'),
(1231, 8, 20, '1'),
(1232, 8, 21, '2'),
(1233, 8, 22, '2'),
(1234, 8, 23, '1'),
(1235, 8, 24, '1'),
(1236, 8, 25, '0'),
(1237, 8, 26, '2'),
(1238, 8, 27, '2'),
(1239, 8, 28, '0'),
(1240, 8, 29, '0'),
(1241, 8, 30, '0'),
(1242, 8, 31, '879'),
(1243, 8, 32, '500'),
(1244, 8, 33, '0'),
(1245, 8, 34, '500'),
(1246, 8, 35, '15'),
(1247, 8, 36, '38'),
(1248, 8, 37, '28'),
(1249, 8, 38, '18'),
(1250, 8, 39, '360'),
(1251, 8, 40, '41'),
(1252, 8, 41, '3217'),
(1253, 8, 42, '118'),
(1254, 8, 43, '8'),
(1255, 8, 44, '5'),
(1256, 8, 45, '43'),
(1257, 8, 46, '75'),
(1258, 8, 47, '0'),
(1259, 8, 48, '0'),
(1260, 8, 49, '0'),
(1261, 8, 50, 'â³ä 31 äî 40 âêëþ÷íî'),
(1262, 8, 51, '22'),
(1263, 8, 52, '22'),
(1264, 8, 53, '0'),
(1265, 8, 54, '0'),
(1266, 8, 55, '0'),
(1267, 8, 56, '0'),
(1268, 8, 57, '22'),
(1269, 8, 58, '0'),
(1270, 8, 59, '0'),
(1271, 8, 60, '0'),
(1272, 8, 61, '0'),
(1273, 8, 62, '0'),
(1274, 8, 63, '0'),
(1275, 8, 64, '22'),
(1276, 8, 65, '175'),
(1277, 8, 66, '0'),
(1278, 8, 67, '175'),
(1279, 8, 68, '0'),
(1280, 8, 69, '0'),
(1281, 8, 70, '0'),
(1282, 8, 71, '175'),
(1283, 8, 72, '0'),
(1284, 8, 73, '0'),
(1285, 8, 74, '0'),
(1286, 8, 75, '5803'),
(1287, 8, 76, '5803'),
(1288, 8, 77, '0'),
(1289, 8, 78, '0'),
(1290, 8, 79, '0'),
(1291, 8, 80, '0'),
(1292, 8, 81, '3871'),
(1293, 8, 82, '1932'),
(1294, 8, 83, '0'),
(1295, 8, 84, '0'),
(1296, 8, 85, '0'),
(1297, 8, 86, '0'),
(1298, 8, 87, '0'),
(1299, 8, 88, '9312'),
(1300, 8, 89, '7288'),
(1301, 8, 90, '2024'),
(1302, 8, 91, '0'),
(1303, 8, 92, '0'),
(1304, 8, 93, '0'),
(1305, 8, 94, '8028'),
(1306, 8, 95, '1284'),
(1307, 8, 96, '0'),
(1308, 8, 97, '0'),
(1309, 8, 98, '3761'),
(1310, 8, 99, '2985'),
(1311, 8, 100, '776'),
(1312, 8, 101, '0'),
(1313, 8, 102, '0'),
(1314, 8, 103, '0'),
(1315, 8, 104, '3421'),
(1316, 8, 105, '340'),
(1317, 8, 106, '0'),
(1318, 8, 107, '0'),
(1319, 8, 108, '0'),
(1320, 8, 109, '0'),
(1321, 8, 110, '0'),
(1322, 8, 111, '0'),
(1323, 8, 112, '0'),
(1324, 8, 113, '0'),
(1325, 8, 114, '0'),
(1326, 8, 115, '0'),
(1327, 8, 116, '0'),
(1328, 8, 117, '0'),
(1329, 8, 118, '0'),
(1330, 8, 119, '0'),
(1331, 8, 120, '0'),
(1332, 8, 121, '0'),
(1333, 8, 122, '0'),
(1334, 8, 123, '1'),
(1335, 8, 124, '1'),
(1336, 8, 125, '0'),
(1337, 8, 126, '0'),
(1338, 8, 127, '0'),
(1339, 8, 128, '0'),
(1340, 8, 129, '0'),
(1341, 8, 130, '0'),
(1342, 8, 131, '1'),
(1343, 8, 132, '0'),
(1344, 8, 133, '0'),
(1345, 8, 134, '0'),
(1346, 8, 135, '1'),
(1347, 8, 136, '0'),
(1348, 8, 137, '1'),
(1349, 8, 138, '0'),
(1350, 8, 139, '0'),
(1351, 8, 140, '0'),
(1352, 8, 141, '0'),
(1353, 8, 142, '78760'),
(1354, 8, 143, '78368'),
(1355, 8, 144, '72047'),
(1356, 8, 145, '610'),
(1357, 8, 146, '0'),
(1358, 8, 147, '0'),
(1359, 8, 148, '0'),
(1360, 8, 149, '392'),
(1361, 8, 150, '0'),
(1362, 8, 151, '392'),
(1363, 8, 152, '0'),
(1364, 8, 153, '78760'),
(1365, 8, 154, '72047'),
(1366, 8, 155, '1002'),
(1367, 8, 156, '610'),
(1368, 8, 157, '0'),
(1369, 8, 158, '0'),
(1370, 8, 159, '0'),
(1371, 8, 160, '0'),
(1372, 8, 161, '0'),
(1373, 8, 162, 'ïîçà ãðóïîþ'),
(1374, 8, 163, '0'),
(1375, 8, 175, '0'),
(1376, 8, 176, '0'),
(1377, 8, 177, '0'),
(1378, 8, 178, '0'),
(1379, 8, 179, '0'),
(1380, 8, 180, '0'),
(1381, 8, 181, '0'),
(1382, 8, 182, '0'),
(1383, 8, 183, '1884'),
(1384, 8, 184, 'Òàê'),
(1385, 9, 1, '35'),
(1386, 9, 2, '15'),
(1387, 9, 3, '20'),
(1388, 9, 4, '0'),
(1389, 9, 5, '1'),
(1390, 9, 6, '1'),
(1391, 9, 7, '0'),
(1392, 9, 8, '0'),
(1393, 9, 9, '0'),
(1394, 9, 10, '1'),
(1395, 9, 11, '0'),
(1396, 9, 12, '1'),
(1397, 9, 13, '0'),
(1398, 9, 14, '1'),
(1399, 9, 15, '0'),
(1400, 9, 16, '0'),
(1401, 9, 17, '8'),
(1402, 9, 18, '0'),
(1403, 9, 19, '0'),
(1404, 9, 20, '0'),
(1405, 9, 21, '0'),
(1406, 9, 22, '0'),
(1407, 9, 23, '0'),
(1408, 9, 24, '0'),
(1409, 9, 25, '0'),
(1410, 9, 26, '0'),
(1411, 9, 27, '0'),
(1412, 9, 28, '0'),
(1413, 9, 29, '0'),
(1414, 9, 30, '0'),
(1415, 9, 31, '415'),
(1416, 9, 32, '378'),
(1417, 9, 33, '0'),
(1418, 9, 34, '378'),
(1419, 9, 35, '7'),
(1420, 9, 36, '60'),
(1421, 9, 37, '21'),
(1422, 9, 38, '36'),
(1423, 9, 39, '196'),
(1424, 9, 40, '58'),
(1425, 9, 41, '3298'),
(1426, 9, 42, '310'),
(1427, 9, 43, '8'),
(1428, 9, 44, '6'),
(1429, 9, 45, '150'),
(1430, 9, 46, '160'),
(1431, 9, 47, '0'),
(1432, 9, 48, '0'),
(1433, 9, 49, '0'),
(1434, 9, 50, 'до 10'),
(1435, 9, 51, '33'),
(1436, 9, 52, '16'),
(1437, 9, 53, '17'),
(1438, 9, 54, '0'),
(1439, 9, 55, '0'),
(1440, 9, 56, '0'),
(1441, 9, 57, '33'),
(1442, 9, 58, '0'),
(1443, 9, 59, '0'),
(1444, 9, 60, '0'),
(1445, 9, 61, '0'),
(1446, 9, 62, '0'),
(1447, 9, 63, '0'),
(1448, 9, 64, '33'),
(1449, 9, 65, '100'),
(1450, 9, 66, '68'),
(1451, 9, 67, '32'),
(1452, 9, 68, '0'),
(1453, 9, 69, '0'),
(1454, 9, 70, '0'),
(1455, 9, 71, '60'),
(1456, 9, 72, '40'),
(1457, 9, 73, '0'),
(1458, 9, 74, '0'),
(1459, 9, 75, '10616'),
(1460, 9, 76, '10584'),
(1461, 9, 77, '32'),
(1462, 9, 78, '0'),
(1463, 9, 79, '0'),
(1464, 9, 80, '0'),
(1465, 9, 81, '6267'),
(1466, 9, 82, '4349'),
(1467, 9, 83, '0'),
(1468, 9, 84, '0'),
(1469, 9, 85, '0'),
(1470, 9, 86, '0'),
(1471, 9, 87, '0'),
(1472, 9, 88, '6576'),
(1473, 9, 89, '6528'),
(1474, 9, 90, '48'),
(1475, 9, 91, '0'),
(1476, 9, 92, '0'),
(1477, 9, 93, '0'),
(1478, 9, 94, '4073'),
(1479, 9, 95, '2503'),
(1480, 9, 96, '0'),
(1481, 9, 97, '0'),
(1482, 9, 98, '3621'),
(1483, 9, 99, '3596'),
(1484, 9, 100, '25'),
(1485, 9, 101, '0'),
(1486, 9, 102, '0'),
(1487, 9, 103, '0'),
(1488, 9, 104, '2304'),
(1489, 9, 105, '1317'),
(1490, 9, 106, '0'),
(1491, 9, 107, '0'),
(1492, 9, 108, '0'),
(1493, 9, 109, ' 0'),
(1494, 9, 110, '0'),
(1495, 9, 111, '0'),
(1496, 9, 112, '0'),
(1497, 9, 113, '0'),
(1498, 9, 114, '0'),
(1499, 9, 115, '0'),
(1500, 9, 116, '0'),
(1501, 9, 117, '0'),
(1502, 9, 118, '0'),
(1503, 9, 119, '0'),
(1504, 9, 120, '0'),
(1505, 9, 121, '0'),
(1506, 9, 122, '0'),
(1507, 9, 123, '1'),
(1508, 9, 124, '1'),
(1509, 9, 125, '0'),
(1510, 9, 126, '0'),
(1511, 9, 127, '1'),
(1512, 9, 128, '1'),
(1513, 9, 129, '0'),
(1514, 9, 130, '1'),
(1515, 9, 131, '0'),
(1516, 9, 132, '0'),
(1517, 9, 133, '0'),
(1518, 9, 134, '0'),
(1519, 9, 135, '1'),
(1520, 9, 136, '0'),
(1521, 9, 137, '0'),
(1522, 9, 138, '1'),
(1523, 9, 139, '0'),
(1524, 9, 140, '0'),
(1525, 9, 141, '0'),
(1526, 9, 142, '42772'),
(1527, 9, 143, '41893'),
(1528, 9, 144, '38840'),
(1529, 9, 145, '0'),
(1530, 9, 146, '0'),
(1531, 9, 147, '0'),
(1532, 9, 148, '0'),
(1533, 9, 149, '879'),
(1534, 9, 150, '0'),
(1535, 9, 151, '879'),
(1536, 9, 152, '0'),
(1537, 9, 153, '42772'),
(1538, 9, 154, '38840'),
(1539, 9, 155, '879'),
(1540, 9, 156, '0'),
(1541, 9, 157, '0'),
(1542, 9, 158, '0'),
(1543, 9, 159, '0'),
(1544, 9, 160, '0'),
(1545, 9, 161, '0'),
(1546, 9, 162, 'національна'),
(1547, 9, 163, '0'),
(1548, 9, 175, '0'),
(1549, 9, 176, '0'),
(1550, 9, 177, '0'),
(1551, 9, 178, '0'),
(1552, 9, 179, '0'),
(1553, 9, 180, '0'),
(1554, 9, 181, '0'),
(1555, 9, 182, '0'),
(1556, 9, 183, '1404'),
(1557, 9, 184, 'Так'),
(1558, 10, 1, '47'),
(1559, 10, 2, '27'),
(1560, 10, 3, '20'),
(1561, 10, 4, '0'),
(1562, 10, 5, '1'),
(1563, 10, 6, '1'),
(1564, 10, 7, '0'),
(1565, 10, 8, '0'),
(1566, 10, 9, '0'),
(1567, 10, 10, '0'),
(1568, 10, 11, '1'),
(1569, 10, 12, '0'),
(1570, 10, 13, '1'),
(1571, 10, 14, '1'),
(1572, 10, 15, '0'),
(1573, 10, 16, '0'),
(1574, 10, 17, '10'),
(1575, 10, 18, '0'),
(1576, 10, 19, '0'),
(1577, 10, 20, '0'),
(1578, 10, 21, '1'),
(1579, 10, 22, '0'),
(1580, 10, 23, '0'),
(1581, 10, 24, '0'),
(1582, 10, 25, '0'),
(1583, 10, 26, '1'),
(1584, 10, 27, '0'),
(1585, 10, 28, '0'),
(1586, 10, 29, '0'),
(1587, 10, 30, '0'),
(1588, 10, 31, '1986'),
(1589, 10, 32, '492'),
(1590, 10, 33, '0'),
(1591, 10, 34, '492'),
(1592, 10, 35, '25'),
(1593, 10, 36, '163'),
(1594, 10, 37, '46'),
(1595, 10, 38, '39'),
(1596, 10, 39, '199'),
(1597, 10, 40, '20'),
(1598, 10, 41, '2997'),
(1599, 10, 42, '371'),
(1600, 10, 43, '0'),
(1601, 10, 44, '13'),
(1602, 10, 45, '0'),
(1603, 10, 46, '371'),
(1604, 10, 47, '0'),
(1605, 10, 48, '0'),
(1606, 10, 49, '0'),
(1607, 10, 50, 'до 10'),
(1608, 10, 51, '12'),
(1609, 10, 52, '4'),
(1610, 10, 53, '8'),
(1611, 10, 54, '0'),
(1612, 10, 55, '0'),
(1613, 10, 56, '0'),
(1614, 10, 57, '12'),
(1615, 10, 58, '0'),
(1616, 10, 59, '0'),
(1617, 10, 60, '0'),
(1618, 10, 61, '0'),
(1619, 10, 62, '0'),
(1620, 10, 63, '0'),
(1621, 10, 64, '12'),
(1622, 10, 65, '51'),
(1623, 10, 66, '0'),
(1624, 10, 67, '51'),
(1625, 10, 68, '0'),
(1626, 10, 69, '0'),
(1627, 10, 70, '0'),
(1628, 10, 71, '51'),
(1629, 10, 72, '0'),
(1630, 10, 73, '0'),
(1631, 10, 74, '0'),
(1632, 10, 75, '7146'),
(1633, 10, 76, '7138'),
(1634, 10, 77, '8'),
(1635, 10, 78, '0'),
(1636, 10, 79, '0'),
(1637, 10, 80, '0'),
(1638, 10, 81, '3348'),
(1639, 10, 82, '3798'),
(1640, 10, 83, '0'),
(1641, 10, 84, '0'),
(1642, 10, 85, '0'),
(1643, 10, 86, '0'),
(1644, 10, 87, '0'),
(1645, 10, 88, '8692'),
(1646, 10, 89, '8177'),
(1647, 10, 90, '515'),
(1648, 10, 91, '0'),
(1649, 10, 92, '0'),
(1650, 10, 93, '0'),
(1651, 10, 94, '4479'),
(1652, 10, 95, '4213'),
(1653, 10, 96, '0'),
(1654, 10, 97, '0'),
(1655, 10, 98, '4172'),
(1656, 10, 99, '3867'),
(1657, 10, 100, '305'),
(1658, 10, 101, '0'),
(1659, 10, 102, '0'),
(1660, 10, 103, '0'),
(1661, 10, 104, '2161'),
(1662, 10, 105, '2011'),
(1663, 10, 106, '0'),
(1664, 10, 107, '0'),
(1665, 10, 108, '0'),
(1666, 10, 109, ' 0'),
(1667, 10, 110, '0'),
(1668, 10, 111, '0'),
(1669, 10, 112, '0'),
(1670, 10, 113, '0'),
(1671, 10, 114, '0'),
(1672, 10, 115, '0'),
(1673, 10, 116, '0'),
(1674, 10, 117, '0'),
(1675, 10, 118, '0'),
(1676, 10, 119, '0'),
(1677, 10, 120, '0'),
(1678, 10, 121, '0'),
(1679, 10, 122, '0'),
(1680, 10, 123, '1'),
(1681, 10, 124, '1'),
(1682, 10, 125, '0'),
(1683, 10, 126, '0'),
(1684, 10, 127, '1'),
(1685, 10, 128, '0'),
(1686, 10, 129, '0'),
(1687, 10, 130, '0'),
(1688, 10, 131, '0'),
(1689, 10, 132, '1'),
(1690, 10, 133, '0'),
(1691, 10, 134, '1'),
(1692, 10, 135, '0'),
(1693, 10, 136, '0'),
(1694, 10, 137, '1'),
(1695, 10, 138, '0'),
(1696, 10, 139, '0'),
(1697, 10, 140, '0'),
(1698, 10, 141, '0'),
(1699, 10, 142, '75104'),
(1700, 10, 143, '74090'),
(1701, 10, 144, '68691'),
(1702, 10, 145, '0'),
(1703, 10, 146, '0'),
(1704, 10, 147, '0'),
(1705, 10, 148, '0'),
(1706, 10, 149, '1014'),
(1707, 10, 150, '0'),
(1708, 10, 151, '1014'),
(1709, 10, 152, '0'),
(1710, 10, 153, '75104'),
(1711, 10, 154, '68691'),
(1712, 10, 155, '1014'),
(1713, 10, 156, '0'),
(1714, 10, 157, '0'),
(1715, 10, 158, '0'),
(1716, 10, 159, '0'),
(1717, 10, 160, '0'),
(1718, 10, 161, '0'),
(1719, 10, 162, 'національна'),
(1720, 10, 163, '0'),
(1721, 10, 175, '0'),
(1722, 10, 176, '0'),
(1723, 10, 177, '0'),
(1724, 10, 178, '0'),
(1725, 10, 179, '0'),
(1726, 10, 180, '0'),
(1727, 10, 181, '0'),
(1728, 10, 182, '0'),
(1729, 10, 183, '1868'),
(1730, 10, 184, 'Так'),
(1731, 11, 1, ''),
(1732, 11, 2, ''),
(1733, 11, 3, ''),
(1734, 11, 4, ''),
(1735, 11, 5, ''),
(1736, 11, 6, ''),
(1737, 11, 7, ''),
(1738, 11, 8, ''),
(1739, 11, 9, ''),
(1740, 11, 10, ''),
(1741, 11, 11, ''),
(1742, 11, 12, ''),
(1743, 11, 13, ''),
(1744, 11, 14, ''),
(1745, 11, 15, ''),
(1746, 11, 16, ''),
(1747, 11, 17, ''),
(1748, 11, 18, ''),
(1749, 11, 19, ''),
(1750, 11, 20, ''),
(1751, 11, 21, ''),
(1752, 11, 22, ''),
(1753, 11, 23, ''),
(1754, 11, 24, ''),
(1755, 11, 25, ''),
(1756, 11, 26, ''),
(1757, 11, 27, ''),
(1758, 11, 28, ''),
(1759, 11, 29, ''),
(1760, 11, 30, ''),
(1761, 11, 31, ''),
(1762, 11, 32, ''),
(1763, 11, 33, ''),
(1764, 11, 34, ''),
(1765, 11, 35, ''),
(1766, 11, 36, ''),
(1767, 11, 37, ''),
(1768, 11, 38, ''),
(1769, 11, 39, ''),
(1770, 11, 40, ''),
(1771, 11, 41, ''),
(1772, 11, 42, ''),
(1773, 11, 43, ''),
(1774, 11, 44, ''),
(1775, 11, 45, ''),
(1776, 11, 46, ''),
(1777, 11, 47, ''),
(1778, 11, 48, ''),
(1779, 11, 49, ''),
(1780, 11, 50, ''),
(1781, 11, 51, ''),
(1782, 11, 52, ''),
(1783, 11, 53, ''),
(1784, 11, 54, ''),
(1785, 11, 55, ''),
(1786, 11, 56, ''),
(1787, 11, 57, ''),
(1788, 11, 58, ''),
(1789, 11, 59, ''),
(1790, 11, 60, ''),
(1791, 11, 61, ''),
(1792, 11, 62, ''),
(1793, 11, 63, ''),
(1794, 11, 64, ''),
(1795, 11, 65, ''),
(1796, 11, 66, ''),
(1797, 11, 67, ''),
(1798, 11, 68, ''),
(1799, 11, 69, ''),
(1800, 11, 70, ''),
(1801, 11, 71, ''),
(1802, 11, 72, ''),
(1803, 11, 73, ''),
(1804, 11, 74, ''),
(1805, 11, 75, ''),
(1806, 11, 76, ''),
(1807, 11, 77, ''),
(1808, 11, 78, ''),
(1809, 11, 79, ''),
(1810, 11, 80, ''),
(1811, 11, 81, ''),
(1812, 11, 82, ''),
(1813, 11, 83, ''),
(1814, 11, 84, ''),
(1815, 11, 85, ''),
(1816, 11, 86, ''),
(1817, 11, 87, ''),
(1818, 11, 88, ''),
(1819, 11, 89, ''),
(1820, 11, 90, ''),
(1821, 11, 91, ''),
(1822, 11, 92, ''),
(1823, 11, 93, ''),
(1824, 11, 94, ''),
(1825, 11, 95, ''),
(1826, 11, 96, ''),
(1827, 11, 97, ''),
(1828, 11, 98, ''),
(1829, 11, 99, ''),
(1830, 11, 100, ''),
(1831, 11, 101, ''),
(1832, 11, 102, ''),
(1833, 11, 103, ''),
(1834, 11, 104, ''),
(1835, 11, 105, ''),
(1836, 11, 106, ''),
(1837, 11, 107, ''),
(1838, 11, 108, ''),
(1839, 11, 109, ''),
(1840, 11, 110, ''),
(1841, 11, 111, ''),
(1842, 11, 112, ''),
(1843, 11, 113, ''),
(1844, 11, 114, ''),
(1845, 11, 115, ''),
(1846, 11, 116, ''),
(1847, 11, 117, ''),
(1848, 11, 118, ''),
(1849, 11, 119, ''),
(1850, 11, 120, ''),
(1851, 11, 121, ''),
(1852, 11, 122, ''),
(1853, 11, 123, ''),
(1854, 11, 124, ''),
(1855, 11, 125, ''),
(1856, 11, 126, ''),
(1857, 11, 127, ''),
(1858, 11, 128, ''),
(1859, 11, 129, ''),
(1860, 11, 130, ''),
(1861, 11, 131, ''),
(1862, 11, 132, ''),
(1863, 11, 133, ''),
(1864, 11, 134, ''),
(1865, 11, 135, ''),
(1866, 11, 136, ''),
(1867, 11, 137, ''),
(1868, 11, 138, ''),
(1869, 11, 139, ''),
(1870, 11, 140, ''),
(1871, 11, 141, ''),
(1872, 11, 142, ''),
(1873, 11, 143, ''),
(1874, 11, 144, ''),
(1875, 11, 145, ''),
(1876, 11, 146, ''),
(1877, 11, 147, ''),
(1878, 11, 148, ''),
(1879, 11, 149, ''),
(1880, 11, 150, ''),
(1881, 11, 151, ''),
(1882, 11, 152, ''),
(1883, 11, 153, ''),
(1884, 11, 154, ''),
(1885, 11, 155, ''),
(1886, 11, 156, ''),
(1887, 11, 157, ''),
(1888, 11, 158, ''),
(1889, 11, 159, ''),
(1890, 11, 160, ''),
(1891, 11, 161, ''),
(1892, 11, 162, ''),
(1893, 11, 163, ''),
(1894, 11, 175, '0'),
(1895, 11, 176, '0'),
(1896, 11, 177, '0'),
(1897, 11, 178, '0'),
(1898, 11, 179, ''),
(1899, 11, 180, ''),
(1900, 11, 181, ''),
(1901, 11, 182, ''),
(1902, 11, 183, ''),
(1903, 11, 184, ''),
(1904, 12, 1, '50'),
(1905, 12, 2, '30'),
(1906, 12, 3, '20'),
(1907, 12, 4, '0'),
(1908, 12, 5, '1'),
(1909, 12, 6, '1'),
(1910, 12, 7, '0'),
(1911, 12, 8, '0'),
(1912, 12, 9, '1'),
(1913, 12, 10, '0'),
(1914, 12, 11, '0'),
(1915, 12, 12, '0'),
(1916, 12, 13, '1'),
(1917, 12, 14, '1'),
(1918, 12, 15, '0'),
(1919, 12, 16, '1'),
(1920, 12, 17, '16'),
(1921, 12, 18, '0'),
(1922, 12, 19, '0'),
(1923, 12, 20, '0'),
(1924, 12, 21, '1'),
(1925, 12, 22, '0'),
(1926, 12, 23, '0'),
(1927, 12, 24, '0'),
(1928, 12, 25, '0'),
(1929, 12, 26, '1'),
(1930, 12, 27, '0'),
(1931, 12, 28, '0'),
(1932, 12, 29, '0'),
(1933, 12, 30, '0'),
(1934, 12, 31, '1350'),
(1935, 12, 32, '500'),
(1936, 12, 33, '0'),
(1937, 12, 34, '500'),
(1938, 12, 35, '1'),
(1939, 12, 36, '143'),
(1940, 12, 37, '32'),
(1941, 12, 38, '55'),
(1942, 12, 39, '223'),
(1943, 12, 40, '46'),
(1944, 12, 41, '2010'),
(1945, 12, 42, '250'),
(1946, 12, 43, '8'),
(1947, 12, 44, '10'),
(1948, 12, 45, '102'),
(1949, 12, 46, '148'),
(1950, 12, 47, '0'),
(1951, 12, 48, '0'),
(1952, 12, 49, '0'),
(1953, 12, 50, 'до 10'),
(1954, 12, 51, '14'),
(1955, 12, 52, '4'),
(1956, 12, 53, '10'),
(1957, 12, 54, '0'),
(1958, 12, 55, '0'),
(1959, 12, 56, '0'),
(1960, 12, 57, '0'),
(1961, 12, 58, '14'),
(1962, 12, 59, '0'),
(1963, 12, 60, '0'),
(1964, 12, 61, '0'),
(1965, 12, 62, '0'),
(1966, 12, 63, '0'),
(1967, 12, 64, '14'),
(1968, 12, 65, '499'),
(1969, 12, 66, '476'),
(1970, 12, 67, '23'),
(1971, 12, 68, '0'),
(1972, 12, 69, '0'),
(1973, 12, 70, '0'),
(1974, 12, 71, '53'),
(1975, 12, 72, '446'),
(1976, 12, 73, '0'),
(1977, 12, 74, '0'),
(1978, 12, 75, '7784'),
(1979, 12, 76, '7731'),
(1980, 12, 77, '51'),
(1981, 12, 78, '2'),
(1982, 12, 79, '0'),
(1983, 12, 80, '0'),
(1984, 12, 81, '4629'),
(1985, 12, 82, '3155'),
(1986, 12, 83, '0'),
(1987, 12, 84, '0'),
(1988, 12, 85, '0'),
(1989, 12, 86, '0'),
(1990, 12, 87, '0'),
(1991, 12, 88, '6100'),
(1992, 12, 89, '5974'),
(1993, 12, 90, '126'),
(1994, 12, 91, '0'),
(1995, 12, 92, '0'),
(1996, 12, 93, '0'),
(1997, 12, 94, '4052'),
(1998, 12, 95, '2048'),
(1999, 12, 96, '0'),
(2000, 12, 97, '0'),
(2001, 12, 98, '2419'),
(2002, 12, 99, '2374'),
(2003, 12, 100, '45'),
(2004, 12, 101, '0'),
(2005, 12, 102, '0'),
(2006, 12, 103, '0'),
(2007, 12, 104, '1568'),
(2008, 12, 105, '851'),
(2009, 12, 106, '0'),
(2010, 12, 107, '0'),
(2011, 12, 108, '0'),
(2012, 12, 109, '  0'),
(2013, 12, 110, '0'),
(2014, 12, 111, '0'),
(2015, 12, 112, '0'),
(2016, 12, 113, '0'),
(2017, 12, 114, '0'),
(2018, 12, 115, '0'),
(2019, 12, 116, '0'),
(2020, 12, 117, '0'),
(2021, 12, 118, '0'),
(2022, 12, 119, '3'),
(2023, 12, 120, '0'),
(2024, 12, 121, '15'),
(2025, 12, 122, '0'),
(2026, 12, 123, '1'),
(2027, 12, 124, '1'),
(2028, 12, 125, '0'),
(2029, 12, 126, '0'),
(2030, 12, 127, '1'),
(2031, 12, 128, '1'),
(2032, 12, 129, '0'),
(2033, 12, 130, '0'),
(2034, 12, 131, '1'),
(2035, 12, 132, '0'),
(2036, 12, 133, '0'),
(2037, 12, 134, '0'),
(2038, 12, 135, '0'),
(2039, 12, 136, '1'),
(2040, 12, 137, '1'),
(2041, 12, 138, '0'),
(2042, 12, 139, '0'),
(2043, 12, 140, '0'),
(2044, 12, 141, '0'),
(2045, 12, 142, '58037'),
(2046, 12, 143, '56421'),
(2047, 12, 144, '52309'),
(2048, 12, 145, '0'),
(2049, 12, 146, '0'),
(2050, 12, 147, '0'),
(2051, 12, 148, '0'),
(2052, 12, 149, '1616'),
(2053, 12, 150, '0'),
(2054, 12, 151, '1616'),
(2055, 12, 152, '0'),
(2056, 12, 153, '58037'),
(2057, 12, 154, '52309'),
(2058, 12, 155, '1616'),
(2059, 12, 156, '0'),
(2060, 12, 157, '0'),
(2061, 12, 158, '0'),
(2062, 12, 159, '0'),
(2063, 12, 160, '0'),
(2064, 12, 161, '0'),
(2065, 12, 162, 'національна'),
(2066, 12, 163, '1'),
(2067, 12, 175, '0'),
(2068, 12, 176, '0'),
(2069, 12, 177, '0'),
(2070, 12, 178, '0'),
(2071, 12, 179, '0'),
(2072, 12, 180, '0'),
(2073, 12, 181, '0'),
(2074, 12, 182, '0'),
(2075, 12, 183, '1866'),
(2076, 12, 184, 'Так'),
(2077, 13, 1, '40'),
(2078, 13, 2, '20'),
(2079, 13, 3, '20'),
(2080, 13, 4, '0'),
(2081, 13, 5, '1'),
(2082, 13, 6, '1'),
(2083, 13, 7, '0'),
(2084, 13, 8, '0'),
(2085, 13, 9, '0'),
(2086, 13, 10, '1'),
(2087, 13, 11, '0'),
(2088, 13, 12, '1'),
(2089, 13, 13, '0'),
(2090, 13, 14, '1'),
(2091, 13, 15, '0'),
(2092, 13, 16, '0'),
(2093, 13, 17, '14'),
(2094, 13, 18, '0'),
(2095, 13, 19, '0'),
(2096, 13, 20, '0'),
(2097, 13, 21, '1'),
(2098, 13, 22, '1'),
(2099, 13, 23, '0'),
(2100, 13, 24, '0'),
(2101, 13, 25, '0'),
(2102, 13, 26, '1'),
(2103, 13, 27, '1'),
(2104, 13, 28, '0'),
(2105, 13, 29, '0'),
(2106, 13, 30, '0'),
(2107, 13, 31, '840'),
(2108, 13, 32, '485'),
(2109, 13, 33, '0'),
(2110, 13, 34, '485'),
(2111, 13, 35, '11'),
(2112, 13, 36, '82'),
(2113, 13, 37, '18'),
(2114, 13, 38, '21'),
(2115, 13, 39, '291'),
(2116, 13, 40, '62'),
(2117, 13, 41, '3190'),
(2118, 13, 42, '455'),
(2119, 13, 43, '8'),
(2120, 13, 44, '5'),
(2121, 13, 45, '189'),
(2122, 13, 46, '266'),
(2123, 13, 47, '0'),
(2124, 13, 48, '0'),
(2125, 13, 49, '0'),
(2126, 13, 50, 'до 10'),
(2127, 13, 51, '39'),
(2128, 13, 52, '23'),
(2129, 13, 53, '16'),
(2130, 13, 54, '0'),
(2131, 13, 55, '0'),
(2132, 13, 56, '0'),
(2133, 13, 57, '0'),
(2134, 13, 58, '39'),
(2135, 13, 59, '0'),
(2136, 13, 60, '0'),
(2137, 13, 61, '0'),
(2138, 13, 62, '0'),
(2139, 13, 63, '0'),
(2140, 13, 64, '39'),
(2141, 13, 65, '440'),
(2142, 13, 66, '250'),
(2143, 13, 67, '190'),
(2144, 13, 68, '0'),
(2145, 13, 69, '0'),
(2146, 13, 70, '0'),
(2147, 13, 71, '286'),
(2148, 13, 72, '154'),
(2149, 13, 73, '0'),
(2150, 13, 74, '0'),
(2151, 13, 75, '5224'),
(2152, 13, 76, '5168'),
(2153, 13, 77, '56'),
(2154, 13, 78, '0'),
(2155, 13, 79, '0'),
(2156, 13, 80, '0'),
(2157, 13, 81, '3349'),
(2158, 13, 82, '1875'),
(2159, 13, 83, '0'),
(2160, 13, 84, '0'),
(2161, 13, 85, '0'),
(2162, 13, 86, '0'),
(2163, 13, 87, '0'),
(2164, 13, 88, '6888'),
(2165, 13, 89, '6568'),
(2166, 13, 90, '320'),
(2167, 13, 91, '0'),
(2168, 13, 92, '0'),
(2169, 13, 93, '0'),
(2170, 13, 94, '5092'),
(2171, 13, 95, '1796'),
(2172, 13, 96, '0'),
(2173, 13, 97, '0'),
(2174, 13, 98, '2480'),
(2175, 13, 99, '2362'),
(2176, 13, 100, '118'),
(2177, 13, 101, '0'),
(2178, 13, 102, '0'),
(2179, 13, 103, '0'),
(2180, 13, 104, '1971'),
(2181, 13, 105, '509'),
(2182, 13, 106, '0'),
(2183, 13, 107, '0'),
(2184, 13, 108, '0'),
(2185, 13, 109, ' 0'),
(2186, 13, 110, '0'),
(2187, 13, 111, '0'),
(2188, 13, 112, '0'),
(2189, 13, 113, '0'),
(2190, 13, 114, '0'),
(2191, 13, 115, '0'),
(2192, 13, 116, '0'),
(2193, 13, 117, '0'),
(2194, 13, 118, '0'),
(2195, 13, 119, '0'),
(2196, 13, 120, '0'),
(2197, 13, 121, '0'),
(2198, 13, 122, '0'),
(2199, 13, 123, '1'),
(2200, 13, 124, '1'),
(2201, 13, 125, '0'),
(2202, 13, 126, '0'),
(2203, 13, 127, '0'),
(2204, 13, 128, '0'),
(2205, 13, 129, '0'),
(2206, 13, 130, '1'),
(2207, 13, 131, '0'),
(2208, 13, 132, '0'),
(2209, 13, 133, '0'),
(2210, 13, 134, '0'),
(2211, 13, 135, '1'),
(2212, 13, 136, '0'),
(2213, 13, 137, '1'),
(2214, 13, 138, '0'),
(2215, 13, 139, '0'),
(2216, 13, 140, '0'),
(2217, 13, 141, '0'),
(2218, 13, 142, '77463'),
(2219, 13, 143, '76912'),
(2220, 13, 144, '71307'),
(2221, 13, 145, '0'),
(2222, 13, 146, '0'),
(2223, 13, 147, '0'),
(2224, 13, 148, '0'),
(2225, 13, 149, '551'),
(2226, 13, 150, '0'),
(2227, 13, 151, '551'),
(2228, 13, 152, '0'),
(2229, 13, 153, '77463'),
(2230, 13, 154, '71307'),
(2231, 13, 155, '551'),
(2232, 13, 156, '0'),
(2233, 13, 157, '0'),
(2234, 13, 158, '0'),
(2235, 13, 159, '0'),
(2236, 13, 160, '0'),
(2237, 13, 161, '0'),
(2238, 13, 162, 'національна'),
(2239, 13, 163, '0'),
(2240, 13, 175, '0'),
(2241, 13, 176, '0'),
(2242, 13, 177, '0'),
(2243, 13, 178, '0'),
(2244, 13, 179, '0'),
(2245, 13, 180, '0'),
(2246, 13, 181, '0'),
(2247, 13, 182, '0'),
(2248, 13, 183, '1866'),
(2249, 13, 184, 'Так'),
(2250, 14, 1, ''),
(2251, 14, 2, ''),
(2252, 14, 3, ''),
(2253, 14, 4, ''),
(2254, 14, 5, ''),
(2255, 14, 6, ''),
(2256, 14, 7, ''),
(2257, 14, 8, ''),
(2258, 14, 9, ''),
(2259, 14, 10, ''),
(2260, 14, 11, ''),
(2261, 14, 12, ''),
(2262, 14, 13, ''),
(2263, 14, 14, ''),
(2264, 14, 15, ''),
(2265, 14, 16, ''),
(2266, 14, 17, ''),
(2267, 14, 18, ''),
(2268, 14, 19, ''),
(2269, 14, 20, ''),
(2270, 14, 21, ''),
(2271, 14, 22, ''),
(2272, 14, 23, ''),
(2273, 14, 24, ''),
(2274, 14, 25, ''),
(2275, 14, 26, ''),
(2276, 14, 27, ''),
(2277, 14, 28, ''),
(2278, 14, 29, ''),
(2279, 14, 30, ''),
(2280, 14, 31, ''),
(2281, 14, 32, '504'),
(2282, 14, 33, '0'),
(2283, 14, 34, '504'),
(2284, 14, 35, '9'),
(2285, 14, 36, '131'),
(2286, 14, 37, '29'),
(2287, 14, 38, '61'),
(2288, 14, 39, '200'),
(2289, 14, 40, '74'),
(2290, 14, 41, '2894'),
(2291, 14, 42, '800'),
(2292, 14, 43, '0'),
(2293, 14, 44, '0'),
(2294, 14, 45, '0'),
(2295, 14, 46, '0'),
(2296, 14, 47, '0'),
(2297, 14, 48, '0'),
(2298, 14, 49, '0'),
(2299, 14, 50, 'від 31 до 40 включно'),
(2300, 14, 51, '96'),
(2301, 14, 52, '60'),
(2302, 14, 53, '36'),
(2303, 14, 54, '0'),
(2304, 14, 55, '0'),
(2305, 14, 56, '0'),
(2306, 14, 57, '96'),
(2307, 14, 58, '0'),
(2308, 14, 59, '0'),
(2309, 14, 60, '0'),
(2310, 14, 61, '0'),
(2311, 14, 62, '0'),
(2312, 14, 63, '0'),
(2313, 14, 64, '96'),
(2314, 14, 65, '4942'),
(2315, 14, 66, '2489'),
(2316, 14, 67, '2453'),
(2317, 14, 68, '0'),
(2318, 14, 69, '0'),
(2319, 14, 70, '0'),
(2320, 14, 71, '876'),
(2321, 14, 72, '1613'),
(2322, 14, 73, '0'),
(2323, 14, 74, '0'),
(2324, 14, 75, '3783'),
(2325, 14, 76, '3783'),
(2326, 14, 77, '0'),
(2327, 14, 78, '0'),
(2328, 14, 79, '0'),
(2329, 14, 80, '0'),
(2330, 14, 81, '1195'),
(2331, 14, 82, '2588'),
(2332, 14, 83, '0'),
(2333, 14, 84, '0'),
(2334, 14, 85, '0'),
(2335, 14, 86, '0'),
(2336, 14, 87, '0'),
(2337, 14, 88, '10867'),
(2338, 14, 89, '8380'),
(2339, 14, 90, '2487'),
(2340, 14, 91, '0'),
(2341, 14, 92, '0'),
(2342, 14, 93, '0'),
(2343, 14, 94, '10777'),
(2344, 14, 95, '90'),
(2345, 14, 96, '0'),
(2346, 14, 97, '0'),
(2347, 14, 98, '5022'),
(2348, 14, 99, '2913'),
(2349, 14, 100, '2109'),
(2350, 14, 101, '0'),
(2351, 14, 102, '0'),
(2352, 14, 103, '0'),
(2353, 14, 104, '4969'),
(2354, 14, 105, '53'),
(2355, 14, 106, '0'),
(2356, 14, 107, '0'),
(2357, 14, 108, '0'),
(2358, 14, 109, '0 '),
(2359, 14, 110, '0'),
(2360, 14, 111, '0'),
(2361, 14, 112, '0'),
(2362, 14, 113, '0'),
(2363, 14, 114, '0'),
(2364, 14, 115, '0'),
(2365, 14, 116, '0'),
(2366, 14, 117, ''),
(2367, 14, 118, ''),
(2368, 14, 119, '5'),
(2369, 14, 120, '0'),
(2370, 14, 121, '0'),
(2371, 14, 122, '0'),
(2372, 14, 123, '1'),
(2373, 14, 124, '1'),
(2374, 14, 125, '0'),
(2375, 14, 126, '0'),
(2376, 14, 127, '1'),
(2377, 14, 128, '1'),
(2378, 14, 129, '0'),
(2379, 14, 130, '0'),
(2380, 14, 131, '1'),
(2381, 14, 132, '0'),
(2382, 14, 133, '0'),
(2383, 14, 134, '0'),
(2384, 14, 135, '1'),
(2385, 14, 136, '0'),
(2386, 14, 137, '1'),
(2387, 14, 138, '0'),
(2388, 14, 139, '0'),
(2389, 14, 140, '0'),
(2390, 14, 141, '0'),
(2391, 14, 142, '0'),
(2392, 14, 143, '0'),
(2393, 14, 144, '0'),
(2394, 14, 145, '0'),
(2395, 14, 146, '0'),
(2396, 14, 147, '0'),
(2397, 14, 148, '0'),
(2398, 14, 149, '0'),
(2399, 14, 150, '0'),
(2400, 14, 151, '0'),
(2401, 14, 152, '0'),
(2402, 14, 153, '0'),
(2403, 14, 154, '0'),
(2404, 14, 155, '0'),
(2405, 14, 156, '0'),
(2406, 14, 157, '0'),
(2407, 14, 158, '0'),
(2408, 14, 159, '0'),
(2409, 14, 160, '0'),
(2410, 14, 161, '0'),
(2411, 14, 162, 'поза групою'),
(2412, 14, 163, '0'),
(2413, 14, 175, '0'),
(2414, 14, 176, '0'),
(2415, 14, 177, '0'),
(2416, 14, 178, '0'),
(2417, 14, 179, '0'),
(2418, 14, 180, '0'),
(2419, 14, 181, '0'),
(2420, 14, 182, '0'),
(2421, 14, 183, '0'),
(2422, 14, 184, 'Так'),
(2423, 15, 1, '663'),
(2424, 15, 2, '114'),
(2425, 15, 3, '549'),
(2426, 15, 4, '1'),
(2427, 15, 5, '2'),
(2428, 15, 6, '2'),
(2429, 15, 7, '0'),
(2430, 15, 8, '0'),
(2431, 15, 9, '0'),
(2432, 15, 10, '2'),
(2433, 15, 11, '0'),
(2434, 15, 12, '2'),
(2435, 15, 13, '0'),
(2436, 15, 14, '2'),
(2437, 15, 15, '0'),
(2438, 15, 16, '1'),
(2439, 15, 17, '133'),
(2440, 15, 18, '2'),
(2441, 15, 19, '1'),
(2442, 15, 20, '2'),
(2443, 15, 21, '21'),
(2444, 15, 22, '19'),
(2445, 15, 23, '20'),
(2446, 15, 24, '18'),
(2447, 15, 25, '0'),
(2448, 15, 26, '10'),
(2449, 15, 27, '17'),
(2450, 15, 28, '1'),
(2451, 15, 29, '1'),
(2452, 15, 30, '0'),
(2453, 15, 31, '28181'),
(2454, 15, 32, '8229'),
(2455, 15, 33, '0'),
(2456, 15, 34, '7480'),
(2457, 15, 35, '356'),
(2458, 15, 36, '2432'),
(2459, 15, 37, '1259'),
(2460, 15, 38, '797'),
(2461, 15, 39, '2003'),
(2462, 15, 40, '633'),
(2463, 15, 41, '92306'),
(2464, 15, 42, '2787'),
(2465, 15, 43, '386'),
(2466, 15, 44, '13'),
(2467, 15, 45, '2368'),
(2468, 15, 46, '419'),
(2469, 15, 47, '0'),
(2470, 15, 48, '0'),
(2471, 15, 49, '0'),
(2472, 15, 50, 'до 10'),
(2473, 15, 51, '1928'),
(2474, 15, 52, '1717'),
(2475, 15, 53, '211'),
(2476, 15, 54, '0'),
(2477, 15, 55, '0'),
(2478, 15, 56, '0'),
(2479, 15, 57, '1644'),
(2480, 15, 58, '280'),
(2481, 15, 59, '2'),
(2482, 15, 60, '2'),
(2483, 15, 61, '0'),
(2484, 15, 62, '0'),
(2485, 15, 63, '0'),
(2486, 15, 64, '1928'),
(2487, 15, 65, '4364'),
(2488, 15, 66, '3650'),
(2489, 15, 67, '714'),
(2490, 15, 68, '0'),
(2491, 15, 69, '0'),
(2492, 15, 70, '0'),
(2493, 15, 71, '2040'),
(2494, 15, 72, '2324'),
(2495, 15, 73, '0'),
(2496, 15, 74, '0'),
(2497, 15, 75, '83784'),
(2498, 15, 76, '82294'),
(2499, 15, 77, '1471'),
(2500, 15, 78, '19'),
(2501, 15, 79, '0'),
(2502, 15, 80, '0'),
(2503, 15, 81, '58227'),
(2504, 15, 82, '25493'),
(2505, 15, 83, '10'),
(2506, 15, 84, '54'),
(2507, 15, 85, '0'),
(2508, 15, 86, '0'),
(2509, 15, 87, '0'),
(2510, 15, 88, '66232'),
(2511, 15, 89, '51859'),
(2512, 15, 90, '14373'),
(2513, 15, 91, '0'),
(2514, 15, 92, '0'),
(2515, 15, 93, '0'),
(2516, 15, 94, '50795'),
(2517, 15, 95, '15378'),
(2518, 15, 96, '10'),
(2519, 15, 97, '49'),
(2520, 15, 98, '43128'),
(2521, 15, 99, '34395'),
(2522, 15, 100, '8733'),
(2523, 15, 101, '0'),
(2524, 15, 102, '0'),
(2525, 15, 103, '0'),
(2526, 15, 104, '36851'),
(2527, 15, 105, '6246'),
(2528, 15, 106, '6'),
(2529, 15, 107, '25'),
(2530, 15, 108, '1'),
(2531, 15, 109, '      1'),
(2532, 15, 110, '68670'),
(2533, 15, 111, '5'),
(2534, 15, 112, '19520'),
(2535, 15, 113, '3'),
(2536, 15, 114, '19520'),
(2537, 15, 115, '0'),
(2538, 15, 116, '0'),
(2539, 15, 117, '0'),
(2540, 15, 118, '0'),
(2541, 15, 119, '644'),
(2542, 15, 120, '8'),
(2543, 15, 121, '59'),
(2544, 15, 122, '9'),
(2545, 15, 123, '20'),
(2546, 15, 124, '17'),
(2547, 15, 125, '9'),
(2548, 15, 126, '7'),
(2549, 15, 127, '8'),
(2550, 15, 128, '8'),
(2551, 15, 129, '1'),
(2552, 15, 130, '4'),
(2553, 15, 131, '11'),
(2554, 15, 132, '1'),
(2555, 15, 133, '2'),
(2556, 15, 134, '1'),
(2557, 15, 135, '2'),
(2558, 15, 136, '12'),
(2559, 15, 137, '16'),
(2560, 15, 138, '1'),
(2561, 15, 139, '0'),
(2562, 15, 140, '0'),
(2563, 15, 141, '0'),
(2564, 15, 142, '2485804'),
(2565, 15, 143, '2435222'),
(2566, 15, 144, '2156233'),
(2567, 15, 145, '18419'),
(2568, 15, 146, '0'),
(2569, 15, 147, '0'),
(2570, 15, 148, '65989'),
(2571, 15, 149, '50582'),
(2572, 15, 150, '4310'),
(2573, 15, 151, '0'),
(2574, 15, 152, '46272'),
(2575, 15, 153, '2487505'),
(2576, 15, 154, '2156233'),
(2577, 15, 155, '42719'),
(2578, 15, 156, '8900'),
(2579, 15, 157, '0'),
(2580, 15, 158, '0'),
(2581, 15, 159, '65989'),
(2582, 15, 160, '54689'),
(2583, 15, 161, '3602'),
(2584, 15, 162, 'поза групою'),
(2585, 15, 163, '19'),
(2586, 15, 175, '0'),
(2587, 15, 176, '0'),
(2588, 15, 177, '0'),
(2589, 15, 178, '0'),
(2590, 15, 179, '0'),
(2591, 15, 180, '0'),
(2592, 15, 181, '0'),
(2593, 15, 182, '0'),
(2594, 15, 183, '2703'),
(2595, 15, 184, 'Так'),
(2596, 16, 1, '90'),
(2597, 16, 2, '65'),
(2598, 16, 3, '25'),
(2599, 16, 4, '0'),
(2600, 16, 5, '1'),
(2601, 16, 6, '1'),
(2602, 16, 7, '0'),
(2603, 16, 8, '0'),
(2604, 16, 9, '0'),
(2605, 16, 10, '1'),
(2606, 16, 11, '0'),
(2607, 16, 12, '1'),
(2608, 16, 13, '0'),
(2609, 16, 14, '1'),
(2610, 16, 15, '0'),
(2611, 16, 16, '0'),
(2612, 16, 17, '16'),
(2613, 16, 18, '0'),
(2614, 16, 19, '0'),
(2615, 16, 20, '1'),
(2616, 16, 21, '2'),
(2617, 16, 22, '2'),
(2618, 16, 23, '2'),
(2619, 16, 24, '2'),
(2620, 16, 25, '0'),
(2621, 16, 26, '2'),
(2622, 16, 27, '0'),
(2623, 16, 28, '0'),
(2624, 16, 29, '0'),
(2625, 16, 30, '0'),
(2626, 16, 31, '622'),
(2627, 16, 32, '380'),
(2628, 16, 33, '0'),
(2629, 16, 34, '380'),
(2630, 16, 35, '17'),
(2631, 16, 36, '68'),
(2632, 16, 37, '13'),
(2633, 16, 38, '56'),
(2634, 16, 39, '195'),
(2635, 16, 40, '31'),
(2636, 16, 41, '1188'),
(2637, 16, 42, '210'),
(2638, 16, 43, '8'),
(2639, 16, 44, '4'),
(2640, 16, 45, '145'),
(2641, 16, 46, '65'),
(2642, 16, 47, '0'),
(2643, 16, 48, '0'),
(2644, 16, 49, '0');
INSERT INTO `document_data` (`dd_id`, `dd_docid`, `dd_fieldsid`, `dd_values`) VALUES
(2645, 16, 50, 'до 10'),
(2646, 16, 51, '41'),
(2647, 16, 52, '26'),
(2648, 16, 53, '15'),
(2649, 16, 54, '0'),
(2650, 16, 55, '0'),
(2651, 16, 56, '0'),
(2652, 16, 57, '40'),
(2653, 16, 58, '1'),
(2654, 16, 59, '0'),
(2655, 16, 60, '0'),
(2656, 16, 61, '0'),
(2657, 16, 62, '0'),
(2658, 16, 63, '0'),
(2659, 16, 64, '41'),
(2660, 16, 65, '4453'),
(2661, 16, 66, '4407'),
(2662, 16, 67, '46'),
(2663, 16, 68, '0'),
(2664, 16, 69, '0'),
(2665, 16, 70, '0'),
(2666, 16, 71, '1702'),
(2667, 16, 72, '2751'),
(2668, 16, 73, '0'),
(2669, 16, 74, '0'),
(2670, 16, 75, '7136'),
(2671, 16, 76, '7104'),
(2672, 16, 77, '30'),
(2673, 16, 78, '2'),
(2674, 16, 79, '0'),
(2675, 16, 80, '0'),
(2676, 16, 81, '4860'),
(2677, 16, 82, '2276'),
(2678, 16, 83, '0'),
(2679, 16, 84, '0'),
(2680, 16, 85, '0'),
(2681, 16, 86, '0'),
(2682, 16, 87, '0'),
(2683, 16, 88, '3555'),
(2684, 16, 89, '2367'),
(2685, 16, 90, '1188'),
(2686, 16, 91, '0'),
(2687, 16, 92, '0'),
(2688, 16, 93, '0'),
(2689, 16, 94, '3029'),
(2690, 16, 95, '526'),
(2691, 16, 96, '0'),
(2692, 16, 97, '0'),
(2693, 16, 98, '1506'),
(2694, 16, 99, '1004'),
(2695, 16, 100, '502'),
(2696, 16, 101, '0'),
(2697, 16, 102, '0'),
(2698, 16, 103, '0'),
(2699, 16, 104, '1300'),
(2700, 16, 105, '206'),
(2701, 16, 106, '0'),
(2702, 16, 107, '0'),
(2703, 16, 108, '0'),
(2704, 16, 109, '  0'),
(2705, 16, 110, '0'),
(2706, 16, 111, '0'),
(2707, 16, 112, '0'),
(2708, 16, 113, '0'),
(2709, 16, 114, '0'),
(2710, 16, 115, '0'),
(2711, 16, 116, '0'),
(2712, 16, 117, '0'),
(2713, 16, 118, '0'),
(2714, 16, 119, '45'),
(2715, 16, 120, '0'),
(2716, 16, 121, '0'),
(2717, 16, 122, '0'),
(2718, 16, 123, '1'),
(2719, 16, 124, '1'),
(2720, 16, 125, '0'),
(2721, 16, 126, '0'),
(2722, 16, 127, '1'),
(2723, 16, 128, '1'),
(2724, 16, 129, '0'),
(2725, 16, 130, '0'),
(2726, 16, 131, '0'),
(2727, 16, 132, '1'),
(2728, 16, 133, '0'),
(2729, 16, 134, '0'),
(2730, 16, 135, '0'),
(2731, 16, 136, '1'),
(2732, 16, 137, '0'),
(2733, 16, 138, '1'),
(2734, 16, 139, '0'),
(2735, 16, 140, '0'),
(2736, 16, 141, '0'),
(2737, 16, 142, '67539'),
(2738, 16, 143, '66400'),
(2739, 16, 144, '61125'),
(2740, 16, 145, '436'),
(2741, 16, 146, '0'),
(2742, 16, 147, '0'),
(2743, 16, 148, '0'),
(2744, 16, 149, '1139'),
(2745, 16, 150, '0'),
(2746, 16, 151, '1139'),
(2747, 16, 152, '0'),
(2748, 16, 153, '67539'),
(2749, 16, 154, '61125'),
(2750, 16, 155, '1575'),
(2751, 16, 156, '436'),
(2752, 16, 157, '0'),
(2753, 16, 158, '0'),
(2754, 16, 159, '0'),
(2755, 16, 160, '0'),
(2756, 16, 161, '0'),
(2757, 16, 162, 'національна'),
(2758, 16, 163, '0'),
(2759, 16, 175, '0'),
(2760, 16, 176, '0'),
(2761, 16, 177, '0'),
(2762, 16, 178, '0'),
(2763, 16, 179, '0'),
(2764, 16, 180, '0'),
(2765, 16, 181, '0'),
(2766, 16, 182, '0'),
(2767, 16, 183, '1404'),
(2768, 16, 184, 'Так'),
(2769, 17, 1, '10'),
(2770, 17, 2, '0'),
(2771, 17, 3, '10'),
(2772, 17, 4, '0'),
(2773, 17, 5, '1'),
(2774, 17, 6, '1'),
(2775, 17, 7, '0'),
(2776, 17, 8, '0'),
(2777, 17, 9, '0'),
(2778, 17, 10, '1'),
(2779, 17, 11, '0'),
(2780, 17, 12, '1'),
(2781, 17, 13, '0'),
(2782, 17, 14, '1'),
(2783, 17, 15, '0'),
(2784, 17, 16, '0'),
(2785, 17, 17, '6'),
(2786, 17, 18, '0'),
(2787, 17, 19, '0'),
(2788, 17, 20, '0'),
(2789, 17, 21, '0'),
(2790, 17, 22, '0'),
(2791, 17, 23, '0'),
(2792, 17, 24, '0'),
(2793, 17, 25, '0'),
(2794, 17, 26, '0'),
(2795, 17, 27, '0'),
(2796, 17, 28, '0'),
(2797, 17, 29, '0'),
(2798, 17, 30, '0'),
(2799, 17, 31, '290'),
(2800, 17, 32, '280'),
(2801, 17, 33, '0'),
(2802, 17, 34, '280'),
(2803, 17, 35, '9'),
(2804, 17, 36, '26'),
(2805, 17, 37, '8'),
(2806, 17, 38, '17'),
(2807, 17, 39, '169'),
(2808, 17, 40, '51'),
(2809, 17, 41, '1200'),
(2810, 17, 42, '80'),
(2811, 17, 43, '3'),
(2812, 17, 44, '2'),
(2813, 17, 45, '30'),
(2814, 17, 46, '50'),
(2815, 17, 47, '0'),
(2816, 17, 48, '0'),
(2817, 17, 49, '0'),
(2818, 17, 50, 'до 10'),
(2819, 17, 51, '44'),
(2820, 17, 52, '24'),
(2821, 17, 53, '20'),
(2822, 17, 54, '0'),
(2823, 17, 55, '0'),
(2824, 17, 56, '0'),
(2825, 17, 57, '44'),
(2826, 17, 58, '0'),
(2827, 17, 59, '0'),
(2828, 17, 60, '0'),
(2829, 17, 61, '0'),
(2830, 17, 62, '0'),
(2831, 17, 63, '0'),
(2832, 17, 64, '44'),
(2833, 17, 65, '2019'),
(2834, 17, 66, '1968'),
(2835, 17, 67, '51'),
(2836, 17, 68, '0'),
(2837, 17, 69, '0'),
(2838, 17, 70, '0'),
(2839, 17, 71, '720'),
(2840, 17, 72, '1299'),
(2841, 17, 73, '0'),
(2842, 17, 74, '0'),
(2843, 17, 75, '5059'),
(2844, 17, 76, '5039'),
(2845, 17, 77, '20'),
(2846, 17, 78, '0'),
(2847, 17, 79, '0'),
(2848, 17, 80, '0'),
(2849, 17, 81, '2692'),
(2850, 17, 82, '2367'),
(2851, 17, 83, '0'),
(2852, 17, 84, '0'),
(2853, 17, 85, '0'),
(2854, 17, 86, '0'),
(2855, 17, 87, '0'),
(2856, 17, 88, '3200'),
(2857, 17, 89, '3098'),
(2858, 17, 90, '102'),
(2859, 17, 91, '0'),
(2860, 17, 92, '0'),
(2861, 17, 93, '0'),
(2862, 17, 94, '2080'),
(2863, 17, 95, '1120'),
(2864, 17, 96, '0'),
(2865, 17, 97, '0'),
(2866, 17, 98, '1380'),
(2867, 17, 99, '1302'),
(2868, 17, 100, '78'),
(2869, 17, 101, '0'),
(2870, 17, 102, '0'),
(2871, 17, 103, '0'),
(2872, 17, 104, '996'),
(2873, 17, 105, '384'),
(2874, 17, 106, '0'),
(2875, 17, 107, '0'),
(2876, 17, 108, '0'),
(2877, 17, 109, ' 0'),
(2878, 17, 110, '0'),
(2879, 17, 111, '0'),
(2880, 17, 112, '0'),
(2881, 17, 113, '0'),
(2882, 17, 114, '0'),
(2883, 17, 115, '0'),
(2884, 17, 116, '0'),
(2885, 17, 117, '0'),
(2886, 17, 118, '0'),
(2887, 17, 119, '0'),
(2888, 17, 120, '0'),
(2889, 17, 121, '0'),
(2890, 17, 122, '0'),
(2891, 17, 123, '1'),
(2892, 17, 124, '1'),
(2893, 17, 125, '0'),
(2894, 17, 126, '0'),
(2895, 17, 127, '0'),
(2896, 17, 128, '0'),
(2897, 17, 129, '0'),
(2898, 17, 130, '0'),
(2899, 17, 131, '1'),
(2900, 17, 132, '0'),
(2901, 17, 133, '0'),
(2902, 17, 134, '0'),
(2903, 17, 135, '0'),
(2904, 17, 136, '1'),
(2905, 17, 137, '0'),
(2906, 17, 138, '1'),
(2907, 17, 139, '0'),
(2908, 17, 140, '0'),
(2909, 17, 141, '0'),
(2910, 17, 142, '56191'),
(2911, 17, 143, '55203'),
(2912, 17, 144, '51180'),
(2913, 17, 145, '0'),
(2914, 17, 146, '0'),
(2915, 17, 147, '0'),
(2916, 17, 148, '0'),
(2917, 17, 149, '988'),
(2918, 17, 150, '0'),
(2919, 17, 151, '988'),
(2920, 17, 152, '0'),
(2921, 17, 153, '56191'),
(2922, 17, 154, '51180'),
(2923, 17, 155, '988'),
(2924, 17, 156, '0'),
(2925, 17, 157, '0'),
(2926, 17, 158, '0'),
(2927, 17, 159, '0'),
(2928, 17, 160, '0'),
(2929, 17, 161, '0'),
(2930, 17, 162, 'національна'),
(2931, 17, 163, '0'),
(2932, 17, 175, '0'),
(2933, 17, 176, '0'),
(2934, 17, 177, '0'),
(2935, 17, 178, '0'),
(2936, 17, 179, '0'),
(2937, 17, 180, '0'),
(2938, 17, 181, '0'),
(2939, 17, 182, '0'),
(2940, 17, 183, '936'),
(2941, 17, 184, 'Так'),
(2942, 18, 1, '50'),
(2943, 18, 2, '15'),
(2944, 18, 3, '35'),
(2945, 18, 4, '0'),
(2946, 18, 5, '1'),
(2947, 18, 6, '1'),
(2948, 18, 7, '0'),
(2949, 18, 8, '0'),
(2950, 18, 9, '0'),
(2951, 18, 10, '1'),
(2952, 18, 11, '0'),
(2953, 18, 12, '1'),
(2954, 18, 13, '0'),
(2955, 18, 14, '1'),
(2956, 18, 15, '0'),
(2957, 18, 16, '0'),
(2958, 18, 17, '16'),
(2959, 18, 18, '0'),
(2960, 18, 19, '0'),
(2961, 18, 20, '0'),
(2962, 18, 21, '1'),
(2963, 18, 22, '1'),
(2964, 18, 23, '0'),
(2965, 18, 24, '0'),
(2966, 18, 25, '0'),
(2967, 18, 26, '2'),
(2968, 18, 27, '0'),
(2969, 18, 28, '0'),
(2970, 18, 29, '0'),
(2971, 18, 30, '0'),
(2972, 18, 31, '590'),
(2973, 18, 32, '502'),
(2974, 18, 33, '0'),
(2975, 18, 34, '502'),
(2976, 18, 35, '20'),
(2977, 18, 36, '108'),
(2978, 18, 37, '12'),
(2979, 18, 38, '18'),
(2980, 18, 39, '246'),
(2981, 18, 40, '98'),
(2982, 18, 41, '2920'),
(2983, 18, 42, '62'),
(2984, 18, 43, '4'),
(2985, 18, 44, '2'),
(2986, 18, 45, '24'),
(2987, 18, 46, '38'),
(2988, 18, 47, '0'),
(2989, 18, 48, '0'),
(2990, 18, 49, '0'),
(2991, 18, 50, 'до 10'),
(2992, 18, 51, '68'),
(2993, 18, 52, '18'),
(2994, 18, 53, '50'),
(2995, 18, 54, '0'),
(2996, 18, 55, '0'),
(2997, 18, 56, '0'),
(2998, 18, 57, '62'),
(2999, 18, 58, '6'),
(3000, 18, 59, '0'),
(3001, 18, 60, '0'),
(3002, 18, 61, '0'),
(3003, 18, 62, '0'),
(3004, 18, 63, '0'),
(3005, 18, 64, '68'),
(3006, 18, 65, '241'),
(3007, 18, 66, '141'),
(3008, 18, 67, '100'),
(3009, 18, 68, '0'),
(3010, 18, 69, '0'),
(3011, 18, 70, '0'),
(3012, 18, 71, '100'),
(3013, 18, 72, '141'),
(3014, 18, 73, '0'),
(3015, 18, 74, '0'),
(3016, 18, 75, '8841'),
(3017, 18, 76, '8718'),
(3018, 18, 77, '123'),
(3019, 18, 78, '0'),
(3020, 18, 79, '0'),
(3021, 18, 80, '0'),
(3022, 18, 81, '5062'),
(3023, 18, 82, '3778'),
(3024, 18, 83, '1'),
(3025, 18, 84, '0'),
(3026, 18, 85, '0'),
(3027, 18, 86, '0'),
(3028, 18, 87, '0'),
(3029, 18, 88, '7970'),
(3030, 18, 89, '7451'),
(3031, 18, 90, '519'),
(3032, 18, 91, '0'),
(3033, 18, 92, '0'),
(3034, 18, 93, '0'),
(3035, 18, 94, '5510'),
(3036, 18, 95, '2460'),
(3037, 18, 96, '0'),
(3038, 18, 97, '0'),
(3039, 18, 98, '2548'),
(3040, 18, 99, '2440'),
(3041, 18, 100, '108'),
(3042, 18, 101, '0'),
(3043, 18, 102, '0'),
(3044, 18, 103, '0'),
(3045, 18, 104, '2071'),
(3046, 18, 105, '477'),
(3047, 18, 106, '0'),
(3048, 18, 107, '0'),
(3049, 18, 108, '0'),
(3050, 18, 109, '0'),
(3051, 18, 110, '0'),
(3052, 18, 111, '0'),
(3053, 18, 112, '0'),
(3054, 18, 113, '0'),
(3055, 18, 114, '0'),
(3056, 18, 115, '0'),
(3057, 18, 116, '0'),
(3058, 18, 117, '0'),
(3059, 18, 118, '0'),
(3060, 18, 119, '0'),
(3061, 18, 120, '0'),
(3062, 18, 121, '0'),
(3063, 18, 122, '0'),
(3064, 18, 123, '1'),
(3065, 18, 124, '1'),
(3066, 18, 125, '0'),
(3067, 18, 126, '0'),
(3068, 18, 127, '1'),
(3069, 18, 128, '1'),
(3070, 18, 129, '0'),
(3071, 18, 130, '1'),
(3072, 18, 131, '0'),
(3073, 18, 132, '0'),
(3074, 18, 133, '0'),
(3075, 18, 134, '1'),
(3076, 18, 135, '0'),
(3077, 18, 136, '0'),
(3078, 18, 137, '1'),
(3079, 18, 138, '0'),
(3080, 18, 139, '0'),
(3081, 18, 140, '0'),
(3082, 18, 141, '0'),
(3083, 18, 142, '90479'),
(3084, 18, 143, '89428'),
(3085, 18, 144, '82370'),
(3086, 18, 145, '541'),
(3087, 18, 146, '0'),
(3088, 18, 147, '0'),
(3089, 18, 148, '0'),
(3090, 18, 149, '1051'),
(3091, 18, 150, '0'),
(3092, 18, 151, '1051'),
(3093, 18, 152, '0'),
(3094, 18, 153, '90479'),
(3095, 18, 154, '82370'),
(3096, 18, 155, '1592'),
(3097, 18, 156, '541'),
(3098, 18, 157, '0'),
(3099, 18, 158, '0'),
(3100, 18, 159, '0'),
(3101, 18, 160, '0'),
(3102, 18, 161, '0'),
(3103, 18, 162, 'національна'),
(3104, 18, 163, '0'),
(3105, 18, 175, '0'),
(3106, 18, 176, '0'),
(3107, 18, 177, '0'),
(3108, 18, 178, '0'),
(3109, 18, 179, '0'),
(3110, 18, 180, '0'),
(3111, 18, 181, '0'),
(3112, 18, 182, '0'),
(3113, 18, 183, '1866'),
(3114, 18, 184, 'Так'),
(3115, 19, 1, '41'),
(3116, 19, 2, '20'),
(3117, 19, 3, '21'),
(3118, 19, 4, '0'),
(3119, 19, 5, '1'),
(3120, 19, 6, '0'),
(3121, 19, 7, '1'),
(3122, 19, 8, '0'),
(3123, 19, 9, '0'),
(3124, 19, 10, '1'),
(3125, 19, 11, '0'),
(3126, 19, 12, '1'),
(3127, 19, 13, '0'),
(3128, 19, 14, '1'),
(3129, 19, 15, '0'),
(3130, 19, 16, '1'),
(3131, 19, 17, '28'),
(3132, 19, 18, '0'),
(3133, 19, 19, '0'),
(3134, 19, 20, '2'),
(3135, 19, 21, '6'),
(3136, 19, 22, '6'),
(3137, 19, 23, '6'),
(3138, 19, 24, '6'),
(3139, 19, 25, '0'),
(3140, 19, 26, '3'),
(3141, 19, 27, '6'),
(3142, 19, 28, '0'),
(3143, 19, 29, '0'),
(3144, 19, 30, '0'),
(3145, 19, 31, '610'),
(3146, 19, 32, '570'),
(3147, 19, 33, '0'),
(3148, 19, 34, '570'),
(3149, 19, 35, '7'),
(3150, 19, 36, '85'),
(3151, 19, 37, '19'),
(3152, 19, 38, '52'),
(3153, 19, 39, '407'),
(3154, 19, 40, '0'),
(3155, 19, 41, '10948'),
(3156, 19, 42, '960'),
(3157, 19, 43, '15'),
(3158, 19, 44, '38'),
(3159, 19, 45, '160'),
(3160, 19, 46, '800'),
(3161, 19, 47, '4'),
(3162, 19, 48, '18'),
(3163, 19, 49, '3177'),
(3164, 19, 50, 'до 10'),
(3165, 19, 51, '166'),
(3166, 19, 52, '26'),
(3167, 19, 53, '140'),
(3168, 19, 54, '0'),
(3169, 19, 55, '0'),
(3170, 19, 56, '0'),
(3171, 19, 57, '156'),
(3172, 19, 58, '10'),
(3173, 19, 59, '0'),
(3174, 19, 60, '0'),
(3175, 19, 61, '0'),
(3176, 19, 62, '0'),
(3177, 19, 63, '0'),
(3178, 19, 64, '166'),
(3179, 19, 65, '132'),
(3180, 19, 66, '0'),
(3181, 19, 67, '132'),
(3182, 19, 68, '0'),
(3183, 19, 69, '0'),
(3184, 19, 70, '0'),
(3185, 19, 71, '132'),
(3186, 19, 72, '0'),
(3187, 19, 73, '0'),
(3188, 19, 74, '0'),
(3189, 19, 75, '6054'),
(3190, 19, 76, '5747'),
(3191, 19, 77, '297'),
(3192, 19, 78, '10'),
(3193, 19, 79, '0'),
(3194, 19, 80, '0'),
(3195, 19, 81, '3762'),
(3196, 19, 82, '2288'),
(3197, 19, 83, '4'),
(3198, 19, 84, '0'),
(3199, 19, 85, '0'),
(3200, 19, 86, '0'),
(3201, 19, 87, '0'),
(3202, 19, 88, '10303'),
(3203, 19, 89, '8688'),
(3204, 19, 90, '1615'),
(3205, 19, 91, '0'),
(3206, 19, 92, '0'),
(3207, 19, 93, '0'),
(3208, 19, 94, '6978'),
(3209, 19, 95, '3325'),
(3210, 19, 96, '0'),
(3211, 19, 97, '0'),
(3212, 19, 98, '3305'),
(3213, 19, 99, '2607'),
(3214, 19, 100, '698'),
(3215, 19, 101, '0'),
(3216, 19, 102, '0'),
(3217, 19, 103, '0'),
(3218, 19, 104, '1202'),
(3219, 19, 105, '677'),
(3220, 19, 106, '0'),
(3221, 19, 107, '0'),
(3222, 19, 108, '0'),
(3223, 19, 109, ' 1'),
(3224, 19, 110, '3200'),
(3225, 19, 111, '1'),
(3226, 19, 112, '0'),
(3227, 19, 113, '0'),
(3228, 19, 114, '0'),
(3229, 19, 115, '0'),
(3230, 19, 116, '0'),
(3231, 19, 117, '0'),
(3232, 19, 118, '0'),
(3233, 19, 119, '16'),
(3234, 19, 120, '0'),
(3235, 19, 121, '0'),
(3236, 19, 122, '25'),
(3237, 19, 123, '1'),
(3238, 19, 124, '1'),
(3239, 19, 125, '0'),
(3240, 19, 126, '0'),
(3241, 19, 127, '1'),
(3242, 19, 128, '1'),
(3243, 19, 129, '0'),
(3244, 19, 130, '0'),
(3245, 19, 131, '1'),
(3246, 19, 132, '0'),
(3247, 19, 133, '0'),
(3248, 19, 134, '0'),
(3249, 19, 135, '0'),
(3250, 19, 136, '1'),
(3251, 19, 137, '1'),
(3252, 19, 138, '0'),
(3253, 19, 139, '0'),
(3254, 19, 140, '0'),
(3255, 19, 141, '0'),
(3256, 19, 142, '196100'),
(3257, 19, 143, '195160'),
(3258, 19, 144, '126380'),
(3259, 19, 145, '3516'),
(3260, 19, 146, '3516'),
(3261, 19, 147, '0'),
(3262, 19, 148, '26886'),
(3263, 19, 149, '940'),
(3264, 19, 150, '0'),
(3265, 19, 151, '940'),
(3266, 19, 152, '0'),
(3267, 19, 153, '181002'),
(3268, 19, 154, '126380'),
(3269, 19, 155, '3516'),
(3270, 19, 156, '0'),
(3271, 19, 157, '0'),
(3272, 19, 158, '0'),
(3273, 19, 159, '0'),
(3274, 19, 160, '0'),
(3275, 19, 161, '0'),
(3276, 19, 162, 'національна'),
(3277, 19, 163, '1'),
(3278, 19, 175, '0'),
(3279, 19, 176, '0'),
(3280, 19, 177, '0'),
(3281, 19, 178, '0'),
(3282, 19, 179, '0'),
(3283, 19, 180, '0'),
(3284, 19, 181, '0'),
(3285, 19, 182, '0'),
(3286, 19, 183, '1866'),
(3287, 19, 184, 'Так'),
(6575, 20, 1, '70'),
(6576, 20, 2, '20'),
(6577, 20, 3, '50'),
(6578, 20, 4, '0'),
(6579, 20, 5, '1'),
(6580, 20, 6, '1'),
(6581, 20, 7, '0'),
(6582, 20, 8, '0'),
(6583, 20, 9, '0'),
(6584, 20, 10, '1'),
(6585, 20, 11, '0'),
(6586, 20, 12, '1'),
(6587, 20, 13, '0'),
(6588, 20, 14, '1'),
(6589, 20, 15, '0'),
(6590, 20, 16, '0'),
(6591, 20, 17, '8'),
(6592, 20, 18, '0'),
(6593, 20, 19, '0'),
(6594, 20, 20, '1'),
(6595, 20, 21, '1'),
(6596, 20, 22, '1'),
(6597, 20, 23, '1'),
(6598, 20, 24, '1'),
(6599, 20, 25, '0'),
(6600, 20, 26, '1'),
(6601, 20, 27, '2'),
(6602, 20, 28, '0'),
(6603, 20, 29, '0'),
(6604, 20, 30, '0'),
(6605, 20, 31, '370'),
(6606, 20, 32, '502'),
(6607, 20, 33, '0'),
(6608, 20, 34, '501'),
(6609, 20, 35, '10'),
(6610, 20, 36, '48'),
(6611, 20, 37, '25'),
(6612, 20, 38, '16'),
(6613, 20, 39, '292'),
(6614, 20, 40, '110'),
(6615, 20, 41, '2980'),
(6616, 20, 42, '187'),
(6617, 20, 43, '8'),
(6618, 20, 44, '0'),
(6619, 20, 45, '187'),
(6620, 20, 46, '0'),
(6621, 20, 47, '0'),
(6622, 20, 48, '0'),
(6623, 20, 49, '0'),
(6624, 20, 50, 'від 31 до 40 включно'),
(6625, 20, 51, '111'),
(6626, 20, 52, '93'),
(6627, 20, 53, '18'),
(6628, 20, 54, '0'),
(6629, 20, 55, '0'),
(6630, 20, 56, '0'),
(6631, 20, 57, '94'),
(6632, 20, 58, '2'),
(6633, 20, 59, '0'),
(6634, 20, 60, '15'),
(6635, 20, 61, '0'),
(6636, 20, 62, '0'),
(6637, 20, 63, '0'),
(6638, 20, 64, '111'),
(6639, 20, 65, '155'),
(6640, 20, 66, '155'),
(6641, 20, 67, '0'),
(6642, 20, 68, '0'),
(6643, 20, 69, '0'),
(6644, 20, 70, '0'),
(6645, 20, 71, '110'),
(6646, 20, 72, '45'),
(6647, 20, 73, '0'),
(6648, 20, 74, '0'),
(6649, 20, 75, '5759'),
(6650, 20, 76, '5741'),
(6651, 20, 77, '18'),
(6652, 20, 78, '0'),
(6653, 20, 79, '0'),
(6654, 20, 80, '0'),
(6655, 20, 81, '3855'),
(6656, 20, 82, '1889'),
(6657, 20, 83, '0'),
(6658, 20, 84, '15'),
(6659, 20, 85, '0'),
(6660, 20, 86, '0'),
(6661, 20, 87, '0'),
(6662, 20, 88, '8537'),
(6663, 20, 89, '7854'),
(6664, 20, 90, '683'),
(6665, 20, 91, '0'),
(6666, 20, 92, '0'),
(6667, 20, 93, '0'),
(6668, 20, 94, '7629'),
(6669, 20, 95, '908'),
(6670, 20, 96, '0'),
(6671, 20, 97, '0'),
(6672, 20, 98, '2702'),
(6673, 20, 99, '2209'),
(6674, 20, 100, '493'),
(6675, 20, 101, '0'),
(6676, 20, 102, '0'),
(6677, 20, 103, '0'),
(6678, 20, 104, '2537'),
(6679, 20, 105, '165'),
(6680, 20, 106, '0'),
(6681, 20, 107, '0'),
(6682, 20, 108, '0'),
(6683, 20, 109, '  0 '),
(6684, 20, 110, '0'),
(6685, 20, 111, '0'),
(6686, 20, 112, '0'),
(6687, 20, 113, '0'),
(6688, 20, 114, '0'),
(6689, 20, 115, '0'),
(6690, 20, 116, '0'),
(6691, 20, 117, ''),
(6692, 20, 118, ''),
(6693, 20, 119, '0'),
(6694, 20, 120, '0'),
(6695, 20, 121, '0'),
(6696, 20, 122, '0'),
(6697, 20, 123, '1'),
(6698, 20, 124, '1'),
(6699, 20, 125, '0'),
(6700, 20, 126, '0'),
(6701, 20, 127, '0'),
(6702, 20, 128, '0'),
(6703, 20, 129, '0'),
(6704, 20, 130, '0'),
(6705, 20, 131, '1'),
(6706, 20, 132, '0'),
(6707, 20, 133, '0'),
(6708, 20, 134, '0'),
(6709, 20, 135, '1'),
(6710, 20, 136, '0'),
(6711, 20, 137, '1'),
(6712, 20, 138, '0'),
(6713, 20, 139, '0'),
(6714, 20, 140, '0'),
(6715, 20, 141, '0'),
(6716, 20, 142, '0'),
(6717, 20, 143, '0'),
(6718, 20, 144, '0'),
(6719, 20, 145, '0'),
(6720, 20, 146, '0'),
(6721, 20, 147, '0'),
(6722, 20, 148, '0'),
(6723, 20, 149, '0'),
(6724, 20, 150, '0'),
(6725, 20, 151, '0'),
(6726, 20, 152, '0'),
(6727, 20, 153, '0'),
(6728, 20, 154, '0'),
(6729, 20, 155, '0'),
(6730, 20, 156, '0'),
(6731, 20, 157, '0'),
(6732, 20, 158, '0'),
(6733, 20, 159, '0'),
(6734, 20, 160, '0'),
(6735, 20, 161, '0'),
(6736, 20, 162, 'поза групою'),
(6737, 20, 163, '0'),
(6738, 20, 175, '0'),
(6739, 20, 176, '0'),
(6740, 20, 177, '00'),
(6741, 20, 178, 'Так'),
(6742, 20, 179, '0'),
(6743, 20, 180, '0'),
(6744, 20, 181, '0'),
(6745, 20, 182, '0'),
(6746, 20, 183, '1827'),
(6747, 20, 184, 'Так'),
(6748, 21, 1, '40'),
(6749, 21, 2, '20'),
(6750, 21, 3, '20'),
(6751, 21, 4, '1'),
(6752, 21, 5, '1'),
(6753, 21, 6, '0'),
(6754, 21, 7, '1'),
(6755, 21, 8, '0'),
(6756, 21, 9, '0'),
(6757, 21, 10, '0'),
(6758, 21, 11, '1'),
(6759, 21, 12, '1'),
(6760, 21, 13, '0'),
(6761, 21, 14, '1'),
(6762, 21, 15, '0'),
(6763, 21, 16, '0'),
(6764, 21, 17, '14'),
(6765, 21, 18, '0'),
(6766, 21, 19, '0'),
(6767, 21, 20, '0'),
(6768, 21, 21, '0'),
(6769, 21, 22, '0'),
(6770, 21, 23, '0'),
(6771, 21, 24, '0'),
(6772, 21, 25, '0'),
(6773, 21, 26, '0'),
(6774, 21, 27, '0'),
(6775, 21, 28, '0'),
(6776, 21, 29, '0'),
(6777, 21, 30, '0'),
(6778, 21, 31, '725'),
(6779, 21, 32, '458'),
(6780, 21, 33, '0'),
(6781, 21, 34, '458'),
(6782, 21, 35, '8'),
(6783, 21, 36, '74'),
(6784, 21, 37, '11'),
(6785, 21, 38, '23'),
(6786, 21, 39, '275'),
(6787, 21, 40, '67'),
(6788, 21, 41, '3237'),
(6789, 21, 42, '792'),
(6790, 21, 43, '40'),
(6791, 21, 44, '8'),
(6792, 21, 45, '465'),
(6793, 21, 46, '327'),
(6794, 21, 47, '0'),
(6795, 21, 48, '0'),
(6796, 21, 49, '0'),
(6797, 21, 50, 'від 31 до 40 включно'),
(6798, 21, 51, '136'),
(6799, 21, 52, '114'),
(6800, 21, 53, '22'),
(6801, 21, 54, '0'),
(6802, 21, 55, '0'),
(6803, 21, 56, '0'),
(6804, 21, 57, '109'),
(6805, 21, 58, '11'),
(6806, 21, 59, '0'),
(6807, 21, 60, '16'),
(6808, 21, 61, '0'),
(6809, 21, 62, '0'),
(6810, 21, 63, '0'),
(6811, 21, 64, '136'),
(6812, 21, 65, '41'),
(6813, 21, 66, '20'),
(6814, 21, 67, '21'),
(6815, 21, 68, '0'),
(6816, 21, 69, '0'),
(6817, 21, 70, '0'),
(6818, 21, 71, '37'),
(6819, 21, 72, '4'),
(6820, 21, 73, '0'),
(6821, 21, 74, '0'),
(6822, 21, 75, '5319'),
(6823, 21, 76, '5262'),
(6824, 21, 77, '57'),
(6825, 21, 78, '0'),
(6826, 21, 79, '0'),
(6827, 21, 80, '0'),
(6828, 21, 81, '3421'),
(6829, 21, 82, '1882'),
(6830, 21, 83, '0'),
(6831, 21, 84, '16'),
(6832, 21, 85, '0'),
(6833, 21, 86, '0'),
(6834, 21, 87, '0'),
(6835, 21, 88, '7340'),
(6836, 21, 89, '7182'),
(6837, 21, 90, '158'),
(6838, 21, 91, '0'),
(6839, 21, 92, '0'),
(6840, 21, 93, '0'),
(6841, 21, 94, '5175'),
(6842, 21, 95, '2165'),
(6843, 21, 96, '0'),
(6844, 21, 97, '0'),
(6845, 21, 98, '2603'),
(6846, 21, 99, '2528'),
(6847, 21, 100, '75'),
(6848, 21, 101, '0'),
(6849, 21, 102, '0'),
(6850, 21, 103, '0'),
(6851, 21, 104, '2235'),
(6852, 21, 105, '368'),
(6853, 21, 106, '0'),
(6854, 21, 107, '0'),
(6855, 21, 108, '0'),
(6856, 21, 109, '0 '),
(6857, 21, 110, '0'),
(6858, 21, 111, '1'),
(6859, 21, 112, '0'),
(6860, 21, 113, '0'),
(6861, 21, 114, '0'),
(6862, 21, 115, '0'),
(6863, 21, 116, '0'),
(6864, 21, 117, ''),
(6865, 21, 118, ''),
(6866, 21, 119, '0'),
(6867, 21, 120, '0'),
(6868, 21, 121, '23'),
(6869, 21, 122, '0'),
(6870, 21, 123, '1'),
(6871, 21, 124, '1'),
(6872, 21, 125, '0'),
(6873, 21, 126, '0'),
(6874, 21, 127, '0'),
(6875, 21, 128, '0'),
(6876, 21, 129, '0'),
(6877, 21, 130, '1'),
(6878, 21, 131, '0'),
(6879, 21, 132, '0'),
(6880, 21, 133, '0'),
(6881, 21, 134, '0'),
(6882, 21, 135, '1'),
(6883, 21, 136, '0'),
(6884, 21, 137, '1'),
(6885, 21, 138, '0'),
(6886, 21, 139, '0'),
(6887, 21, 140, '0'),
(6888, 21, 141, '0'),
(6889, 21, 142, '0'),
(6890, 21, 143, '0'),
(6891, 21, 144, '0'),
(6892, 21, 145, '0'),
(6893, 21, 146, '0'),
(6894, 21, 147, '0'),
(6895, 21, 148, '0'),
(6896, 21, 149, '0'),
(6897, 21, 150, '0'),
(6898, 21, 151, '0'),
(6899, 21, 152, '0'),
(6900, 21, 153, '0'),
(6901, 21, 154, '0'),
(6902, 21, 155, '0'),
(6903, 21, 156, '0'),
(6904, 21, 157, '0'),
(6905, 21, 158, '0'),
(6906, 21, 159, '0'),
(6907, 21, 160, '0'),
(6908, 21, 161, '0'),
(6909, 21, 162, 'поза групою'),
(6910, 21, 163, '2'),
(6911, 21, 175, '0'),
(6912, 21, 176, '0'),
(6913, 21, 177, '0'),
(6914, 21, 178, 'Ні'),
(6915, 21, 179, '0'),
(6916, 21, 180, '0'),
(6917, 21, 181, '0'),
(6918, 21, 182, '0'),
(6919, 21, 183, '1827'),
(6920, 21, 184, 'Так'),
(6921, 22, 1, '57'),
(6922, 22, 2, '45'),
(6923, 22, 3, '12'),
(6924, 22, 4, '0'),
(6925, 22, 5, '1'),
(6926, 22, 6, '0'),
(6927, 22, 7, '1'),
(6928, 22, 8, '0'),
(6929, 22, 9, '0'),
(6930, 22, 10, '1'),
(6931, 22, 11, '0'),
(6932, 22, 12, '1'),
(6933, 22, 13, '0'),
(6934, 22, 14, '1'),
(6935, 22, 15, '0'),
(6936, 22, 16, '0'),
(6937, 22, 17, '18'),
(6938, 22, 18, '0'),
(6939, 22, 19, '0'),
(6940, 22, 20, '0'),
(6941, 22, 21, '0'),
(6942, 22, 22, '0'),
(6943, 22, 23, '0'),
(6944, 22, 24, '0'),
(6945, 22, 25, '0'),
(6946, 22, 26, '0'),
(6947, 22, 27, '0'),
(6948, 22, 28, '0'),
(6949, 22, 29, '0'),
(6950, 22, 30, '0'),
(6951, 22, 31, '456'),
(6952, 22, 32, '452'),
(6953, 22, 33, '0'),
(6954, 22, 34, '452'),
(6955, 22, 35, '8'),
(6956, 22, 36, '24'),
(6957, 22, 37, '18'),
(6958, 22, 38, '30'),
(6959, 22, 39, '302'),
(6960, 22, 40, '70'),
(6961, 22, 41, '2735'),
(6962, 22, 42, '1034'),
(6963, 22, 43, '37'),
(6964, 22, 44, '22'),
(6965, 22, 45, '630'),
(6966, 22, 46, '404'),
(6967, 22, 47, '0'),
(6968, 22, 48, '0'),
(6969, 22, 49, '0'),
(6970, 22, 50, 'від 31 до 40 включно'),
(6971, 22, 51, '60'),
(6972, 22, 52, '56'),
(6973, 22, 53, '4'),
(6974, 22, 54, '0'),
(6975, 22, 55, '0'),
(6976, 22, 56, '0'),
(6977, 22, 57, '45'),
(6978, 22, 58, '0'),
(6979, 22, 59, '0'),
(6980, 22, 60, '15'),
(6981, 22, 61, '0'),
(6982, 22, 62, '0'),
(6983, 22, 63, '0'),
(6984, 22, 64, '60'),
(6985, 22, 65, '0'),
(6986, 22, 66, '0'),
(6987, 22, 67, '0'),
(6988, 22, 68, '0'),
(6989, 22, 69, '0'),
(6990, 22, 70, '0'),
(6991, 22, 71, '0'),
(6992, 22, 72, '0'),
(6993, 22, 73, '0'),
(6994, 22, 74, '0'),
(6995, 22, 75, '6964'),
(6996, 22, 76, '6952'),
(6997, 22, 77, '10'),
(6998, 22, 78, '2'),
(6999, 22, 79, '0'),
(7000, 22, 80, '0'),
(7001, 22, 81, '3334'),
(7002, 22, 82, '3615'),
(7003, 22, 83, '0'),
(7004, 22, 84, '15'),
(7005, 22, 85, '0'),
(7006, 22, 86, '0'),
(7007, 22, 87, '0'),
(7008, 22, 88, '7155'),
(7009, 22, 89, '6671'),
(7010, 22, 90, '484'),
(7011, 22, 91, '0'),
(7012, 22, 92, '0'),
(7013, 22, 93, '0'),
(7014, 22, 94, '5490'),
(7015, 22, 95, '1665'),
(7016, 22, 96, '0'),
(7017, 22, 97, '0'),
(7018, 22, 98, '1186'),
(7019, 22, 99, '1099'),
(7020, 22, 100, '87'),
(7021, 22, 101, '0'),
(7022, 22, 102, '0'),
(7023, 22, 103, '0'),
(7024, 22, 104, '1041'),
(7025, 22, 105, '145'),
(7026, 22, 106, '0'),
(7027, 22, 107, '0'),
(7028, 22, 108, '0'),
(7029, 22, 109, '0 '),
(7030, 22, 110, '0'),
(7031, 22, 111, '0'),
(7032, 22, 112, '0'),
(7033, 22, 113, '0'),
(7034, 22, 114, '0'),
(7035, 22, 115, '0'),
(7036, 22, 116, '0'),
(7037, 22, 117, ''),
(7038, 22, 118, ''),
(7039, 22, 119, '0'),
(7040, 22, 120, '0'),
(7041, 22, 121, '0'),
(7042, 22, 122, '0'),
(7043, 22, 123, '1'),
(7044, 22, 124, '1'),
(7045, 22, 125, '1'),
(7046, 22, 126, '0'),
(7047, 22, 127, '0'),
(7048, 22, 128, '0'),
(7049, 22, 129, '0'),
(7050, 22, 130, '0'),
(7051, 22, 131, '1'),
(7052, 22, 132, '0'),
(7053, 22, 133, '0'),
(7054, 22, 134, '1'),
(7055, 22, 135, '0'),
(7056, 22, 136, '0'),
(7057, 22, 137, '1'),
(7058, 22, 138, '0'),
(7059, 22, 139, '0'),
(7060, 22, 140, '0'),
(7061, 22, 141, '0'),
(7062, 22, 142, '0'),
(7063, 22, 143, '0'),
(7064, 22, 144, '0'),
(7065, 22, 145, '0'),
(7066, 22, 146, '0'),
(7067, 22, 147, '0'),
(7068, 22, 148, '0'),
(7069, 22, 149, '0'),
(7070, 22, 150, '0'),
(7071, 22, 151, '0'),
(7072, 22, 152, '0'),
(7073, 22, 153, '0'),
(7074, 22, 154, '0'),
(7075, 22, 155, '0'),
(7076, 22, 156, '0'),
(7077, 22, 157, '0'),
(7078, 22, 158, '0'),
(7079, 22, 159, '0'),
(7080, 22, 160, '0'),
(7081, 22, 161, '0'),
(7082, 22, 162, 'поза групою'),
(7083, 22, 163, '0'),
(7084, 22, 175, '0'),
(7085, 22, 176, '0'),
(7086, 22, 177, '0'),
(7087, 22, 178, 'Ні'),
(7088, 22, 179, '0'),
(7089, 22, 180, '0'),
(7090, 22, 181, '0'),
(7091, 22, 182, '0'),
(7092, 22, 183, '1827'),
(7093, 22, 184, 'Так'),
(7094, 23, 1, '24.4'),
(7095, 23, 2, '12'),
(7096, 23, 3, '12.4'),
(7097, 23, 4, '0'),
(7098, 23, 5, '1'),
(7099, 23, 6, '1'),
(7100, 23, 7, '0'),
(7101, 23, 8, '0'),
(7102, 23, 9, '0'),
(7103, 23, 10, '1'),
(7104, 23, 11, '0'),
(7105, 23, 12, '0'),
(7106, 23, 13, '1'),
(7107, 23, 14, '0'),
(7108, 23, 15, '1'),
(7109, 23, 16, '0'),
(7110, 23, 17, '3'),
(7111, 23, 18, '0'),
(7112, 23, 19, '0'),
(7113, 23, 20, '0'),
(7114, 23, 21, '0'),
(7115, 23, 22, '0'),
(7116, 23, 23, '0'),
(7117, 23, 24, '0'),
(7118, 23, 25, '0'),
(7119, 23, 26, '0'),
(7120, 23, 27, '0'),
(7121, 23, 28, '0'),
(7122, 23, 29, '0'),
(7123, 23, 30, '0'),
(7124, 23, 31, '582'),
(7125, 23, 32, '265'),
(7126, 23, 33, '0'),
(7127, 23, 34, '265'),
(7128, 23, 35, '6'),
(7129, 23, 36, '28'),
(7130, 23, 37, '0'),
(7131, 23, 38, '16'),
(7132, 23, 39, '174'),
(7133, 23, 40, '41'),
(7134, 23, 41, '1359'),
(7135, 23, 42, '288'),
(7136, 23, 43, '34'),
(7137, 23, 44, '4'),
(7138, 23, 45, '204'),
(7139, 23, 46, '84'),
(7140, 23, 47, '0'),
(7141, 23, 48, '0'),
(7142, 23, 49, '0'),
(7143, 23, 50, 'від 31 до 40 включно'),
(7144, 23, 51, '69'),
(7145, 23, 52, '65'),
(7146, 23, 53, '4'),
(7147, 23, 54, '0'),
(7148, 23, 55, '0'),
(7149, 23, 56, '0'),
(7150, 23, 57, '50'),
(7151, 23, 58, '0'),
(7152, 23, 59, '0'),
(7153, 23, 60, '19'),
(7154, 23, 61, '0'),
(7155, 23, 62, '0'),
(7156, 23, 63, '0'),
(7157, 23, 64, '69'),
(7158, 23, 65, '0'),
(7159, 23, 66, '0'),
(7160, 23, 67, '0'),
(7161, 23, 68, '0'),
(7162, 23, 69, '0'),
(7163, 23, 70, '0'),
(7164, 23, 71, '0'),
(7165, 23, 72, '0'),
(7166, 23, 73, '0'),
(7167, 23, 74, '0'),
(7168, 23, 75, '3190'),
(7169, 23, 76, '3186'),
(7170, 23, 77, '4'),
(7171, 23, 78, '0'),
(7172, 23, 79, '0'),
(7173, 23, 80, '0'),
(7174, 23, 81, '1208'),
(7175, 23, 82, '1963'),
(7176, 23, 83, '0'),
(7177, 23, 84, '19'),
(7178, 23, 85, '0'),
(7179, 23, 86, '0'),
(7180, 23, 87, '0'),
(7181, 23, 88, '2556'),
(7182, 23, 89, '2556'),
(7183, 23, 90, '0'),
(7184, 23, 91, '0'),
(7185, 23, 92, '0'),
(7186, 23, 93, '0'),
(7187, 23, 94, '2078'),
(7188, 23, 95, '478'),
(7189, 23, 96, '0'),
(7190, 23, 97, '0'),
(7191, 23, 98, '656'),
(7192, 23, 99, '656'),
(7193, 23, 100, '0'),
(7194, 23, 101, '0'),
(7195, 23, 102, '0'),
(7196, 23, 103, '0'),
(7197, 23, 104, '545'),
(7198, 23, 105, '111'),
(7199, 23, 106, '0'),
(7200, 23, 107, '0'),
(7201, 23, 108, '0'),
(7202, 23, 109, ' 0 '),
(7203, 23, 110, '0'),
(7204, 23, 111, '0'),
(7205, 23, 112, '0'),
(7206, 23, 113, '0'),
(7207, 23, 114, '0'),
(7208, 23, 115, '0'),
(7209, 23, 116, '0'),
(7210, 23, 117, ''),
(7211, 23, 118, ''),
(7212, 23, 119, '0'),
(7213, 23, 120, '0'),
(7214, 23, 121, '0'),
(7215, 23, 122, '0'),
(7216, 23, 123, '1'),
(7217, 23, 124, '1'),
(7218, 23, 125, '0'),
(7219, 23, 126, '0'),
(7220, 23, 127, '0'),
(7221, 23, 128, '0'),
(7222, 23, 129, '0'),
(7223, 23, 130, '1'),
(7224, 23, 131, '0'),
(7225, 23, 132, '0'),
(7226, 23, 133, '1'),
(7227, 23, 134, '0'),
(7228, 23, 135, '0'),
(7229, 23, 136, '0'),
(7230, 23, 137, '1'),
(7231, 23, 138, '0'),
(7232, 23, 139, '0'),
(7233, 23, 140, '0'),
(7234, 23, 141, '0'),
(7235, 23, 142, '0'),
(7236, 23, 143, '0'),
(7237, 23, 144, '0'),
(7238, 23, 145, '0'),
(7239, 23, 146, '0'),
(7240, 23, 147, '0'),
(7241, 23, 148, '0'),
(7242, 23, 149, '0'),
(7243, 23, 150, '0'),
(7244, 23, 151, '0'),
(7245, 23, 152, '0'),
(7246, 23, 153, '0'),
(7247, 23, 154, '0'),
(7248, 23, 155, '0'),
(7249, 23, 156, '0'),
(7250, 23, 157, '0'),
(7251, 23, 158, '0'),
(7252, 23, 159, '0'),
(7253, 23, 160, '0'),
(7254, 23, 161, '0'),
(7255, 23, 162, 'національна'),
(7256, 23, 163, '0'),
(7257, 23, 175, '0'),
(7258, 23, 176, '0'),
(7259, 23, 177, '0'),
(7260, 23, 178, 'Так'),
(7261, 23, 179, '0'),
(7262, 23, 180, '0'),
(7263, 23, 181, '0'),
(7264, 23, 182, '0'),
(7265, 23, 183, '1827'),
(7266, 23, 184, 'Так'),
(7267, 24, 1, '119'),
(7268, 24, 2, '29'),
(7269, 24, 3, '90'),
(7270, 24, 4, '0'),
(7271, 24, 5, '1'),
(7272, 24, 6, '0'),
(7273, 24, 7, '1'),
(7274, 24, 8, '0'),
(7275, 24, 9, '0'),
(7276, 24, 10, '1'),
(7277, 24, 11, '0'),
(7278, 24, 12, '1'),
(7279, 24, 13, '0'),
(7280, 24, 14, '1'),
(7281, 24, 15, '0'),
(7282, 24, 16, '0'),
(7283, 24, 17, '18'),
(7284, 24, 18, '0'),
(7285, 24, 19, '0'),
(7286, 24, 20, '0'),
(7287, 24, 21, '1'),
(7288, 24, 22, '1'),
(7289, 24, 23, '1'),
(7290, 24, 24, '1'),
(7291, 24, 25, '0'),
(7292, 24, 26, '0'),
(7293, 24, 27, '0'),
(7294, 24, 28, '0'),
(7295, 24, 29, '0'),
(7296, 24, 30, '0'),
(7297, 24, 31, '990'),
(7298, 24, 32, '677'),
(7299, 24, 33, '0'),
(7300, 24, 34, '677'),
(7301, 24, 35, '16'),
(7302, 24, 36, '99'),
(7303, 24, 37, '37'),
(7304, 24, 38, '24'),
(7305, 24, 39, '339'),
(7306, 24, 40, '162'),
(7307, 24, 41, '2204'),
(7308, 24, 42, '348'),
(7309, 24, 43, '15'),
(7310, 24, 44, '0'),
(7311, 24, 45, '348'),
(7312, 24, 46, '0'),
(7313, 24, 47, '0'),
(7314, 24, 48, '0'),
(7315, 24, 49, '0'),
(7316, 24, 50, 'від 31 до 40 включно'),
(7317, 24, 51, '71'),
(7318, 24, 52, '64'),
(7319, 24, 53, '7'),
(7320, 24, 54, '0'),
(7321, 24, 55, '0'),
(7322, 24, 56, '0'),
(7323, 24, 57, '58'),
(7324, 24, 58, '0'),
(7325, 24, 59, '0'),
(7326, 24, 60, '13'),
(7327, 24, 61, '0'),
(7328, 24, 62, '0'),
(7329, 24, 63, '0'),
(7330, 24, 64, '71'),
(7331, 24, 65, '0'),
(7332, 24, 66, '0'),
(7333, 24, 67, '0'),
(7334, 24, 68, '0'),
(7335, 24, 69, '0'),
(7336, 24, 70, '0'),
(7337, 24, 71, '0'),
(7338, 24, 72, '0'),
(7339, 24, 73, '0'),
(7340, 24, 74, '0'),
(7341, 24, 75, '7401'),
(7342, 24, 76, '7394'),
(7343, 24, 77, '7'),
(7344, 24, 78, '0'),
(7345, 24, 79, '0'),
(7346, 24, 80, '0'),
(7347, 24, 81, '1443'),
(7348, 24, 82, '5945'),
(7349, 24, 83, '0'),
(7350, 24, 84, '13'),
(7351, 24, 85, '0'),
(7352, 24, 86, '0'),
(7353, 24, 87, '0'),
(7354, 24, 88, '10474'),
(7355, 24, 89, '8445'),
(7356, 24, 90, '2029'),
(7357, 24, 91, '0'),
(7358, 24, 92, '0'),
(7359, 24, 93, '0'),
(7360, 24, 94, '6502'),
(7361, 24, 95, '3972'),
(7362, 24, 96, '0'),
(7363, 24, 97, '0'),
(7364, 24, 98, '4846'),
(7365, 24, 99, '3515'),
(7366, 24, 100, '1331'),
(7367, 24, 101, '0'),
(7368, 24, 102, '0'),
(7369, 24, 103, '0'),
(7370, 24, 104, '4078'),
(7371, 24, 105, '768'),
(7372, 24, 106, '0'),
(7373, 24, 107, '0'),
(7374, 24, 108, '0'),
(7375, 24, 109, '0 '),
(7376, 24, 110, '0'),
(7377, 24, 111, '1'),
(7378, 24, 112, '0'),
(7379, 24, 113, '0'),
(7380, 24, 114, '0'),
(7381, 24, 115, '0'),
(7382, 24, 116, '0'),
(7383, 24, 117, ''),
(7384, 24, 118, ''),
(7385, 24, 119, '0'),
(7386, 24, 120, '0'),
(7387, 24, 121, '0'),
(7388, 24, 122, '0'),
(7389, 24, 123, '1'),
(7390, 24, 124, '1'),
(7391, 24, 125, '1'),
(7392, 24, 126, '0'),
(7393, 24, 127, '0'),
(7394, 24, 128, '0'),
(7395, 24, 129, '1'),
(7396, 24, 130, '0'),
(7397, 24, 131, '0'),
(7398, 24, 132, '0'),
(7399, 24, 133, '1'),
(7400, 24, 134, '0'),
(7401, 24, 135, '0'),
(7402, 24, 136, '0'),
(7403, 24, 137, '1'),
(7404, 24, 138, '0'),
(7405, 24, 139, '0'),
(7406, 24, 140, '0'),
(7407, 24, 141, '0'),
(7408, 24, 142, '0'),
(7409, 24, 143, '0'),
(7410, 24, 144, '0'),
(7411, 24, 145, '0'),
(7412, 24, 146, '0'),
(7413, 24, 147, '0'),
(7414, 24, 148, '0'),
(7415, 24, 149, '0'),
(7416, 24, 150, '0'),
(7417, 24, 151, '0'),
(7418, 24, 152, '0'),
(7419, 24, 153, '0'),
(7420, 24, 154, '00'),
(7421, 24, 155, '0'),
(7422, 24, 156, '0'),
(7423, 24, 157, '0'),
(7424, 24, 158, '0'),
(7425, 24, 159, '0'),
(7426, 24, 160, '0'),
(7427, 24, 161, '0'),
(7428, 24, 162, 'поза групою'),
(7429, 24, 163, '0'),
(7430, 24, 175, '0'),
(7431, 24, 176, '0'),
(7432, 24, 177, '0'),
(7433, 24, 178, 'Ні'),
(7434, 24, 179, '0'),
(7435, 24, 180, '0'),
(7436, 24, 181, '0'),
(7437, 24, 182, '0'),
(7438, 24, 183, '1827'),
(7439, 24, 184, 'Так'),
(7440, 25, 1, '16'),
(7441, 25, 2, '10'),
(7442, 25, 3, '6'),
(7443, 25, 4, '1'),
(7444, 25, 5, '1'),
(7445, 25, 6, '0'),
(7446, 25, 7, '1'),
(7447, 25, 8, '0'),
(7448, 25, 9, '0'),
(7449, 25, 10, '1'),
(7450, 25, 11, '0'),
(7451, 25, 12, '0'),
(7452, 25, 13, '1'),
(7453, 25, 14, '1'),
(7454, 25, 15, '0'),
(7455, 25, 16, '1'),
(7456, 25, 17, '16'),
(7457, 25, 18, '0'),
(7458, 25, 19, '0'),
(7459, 25, 20, '0'),
(7460, 25, 21, '1'),
(7461, 25, 22, '0'),
(7462, 25, 23, '0'),
(7463, 25, 24, '0'),
(7464, 25, 25, '0'),
(7465, 25, 26, '1'),
(7466, 25, 27, '0'),
(7467, 25, 28, '0'),
(7468, 25, 29, '0'),
(7469, 25, 30, '0'),
(7470, 25, 31, '1325'),
(7471, 25, 32, '500'),
(7472, 25, 33, '0'),
(7473, 25, 34, '500'),
(7474, 25, 35, '28'),
(7475, 25, 36, '131'),
(7476, 25, 37, '38'),
(7477, 25, 38, '55'),
(7478, 25, 39, '179'),
(7479, 25, 40, '69'),
(7480, 25, 41, '3377'),
(7481, 25, 42, '170'),
(7482, 25, 43, '20'),
(7483, 25, 44, '5'),
(7484, 25, 45, '130'),
(7485, 25, 46, '40'),
(7486, 25, 47, '0'),
(7487, 25, 48, '0'),
(7488, 25, 49, '0'),
(7489, 25, 50, 'від 31 до 40 включно'),
(7490, 25, 51, '92'),
(7491, 25, 52, '87'),
(7492, 25, 53, '5'),
(7493, 25, 54, '0'),
(7494, 25, 55, '0'),
(7495, 25, 56, '0'),
(7496, 25, 57, '55'),
(7497, 25, 58, '13'),
(7498, 25, 59, '0'),
(7499, 25, 60, '24'),
(7500, 25, 61, '0'),
(7501, 25, 62, '0'),
(7502, 25, 63, '0'),
(7503, 25, 64, '92'),
(7504, 25, 65, '1184'),
(7505, 25, 66, '1171'),
(7506, 25, 67, '13'),
(7507, 25, 68, '0'),
(7508, 25, 69, '0'),
(7509, 25, 70, '0'),
(7510, 25, 71, '382'),
(7511, 25, 72, '802'),
(7512, 25, 73, '0'),
(7513, 25, 74, '0'),
(7514, 25, 75, '6692'),
(7515, 25, 76, '6647'),
(7516, 25, 77, '43'),
(7517, 25, 78, '2'),
(7518, 25, 79, '0'),
(7519, 25, 80, '0'),
(7520, 25, 81, '4316'),
(7521, 25, 82, '2352'),
(7522, 25, 83, '0'),
(7523, 25, 84, '24'),
(7524, 25, 85, '0'),
(7525, 25, 86, '0'),
(7526, 25, 87, '0'),
(7527, 25, 88, '8950'),
(7528, 25, 89, '8450'),
(7529, 25, 90, '500'),
(7530, 25, 91, '0'),
(7531, 25, 92, '0'),
(7532, 25, 93, '0'),
(7533, 25, 94, '6559'),
(7534, 25, 95, '2391'),
(7535, 25, 96, '0'),
(7536, 25, 97, '0'),
(7537, 25, 98, '4003'),
(7538, 25, 99, '3881'),
(7539, 25, 100, '122'),
(7540, 25, 101, '0'),
(7541, 25, 102, '0'),
(7542, 25, 103, '0'),
(7543, 25, 104, '2959'),
(7544, 25, 105, '1044'),
(7545, 25, 106, '0'),
(7546, 25, 107, '0'),
(7547, 25, 108, '0'),
(7548, 25, 109, ' '),
(7549, 25, 110, '0'),
(7550, 25, 111, '0'),
(7551, 25, 112, '0'),
(7552, 25, 113, '0'),
(7553, 25, 114, '0'),
(7554, 25, 115, '0'),
(7555, 25, 116, '0'),
(7556, 25, 117, ''),
(7557, 25, 118, ''),
(7558, 25, 119, '0'),
(7559, 25, 120, '0'),
(7560, 25, 121, '0'),
(7561, 25, 122, '0'),
(7562, 25, 123, '1'),
(7563, 25, 124, '1'),
(7564, 25, 125, '0'),
(7565, 25, 126, '0'),
(7566, 25, 127, '1'),
(7567, 25, 128, '1'),
(7568, 25, 129, '0'),
(7569, 25, 130, '0'),
(7570, 25, 131, '1'),
(7571, 25, 132, '0'),
(7572, 25, 133, '0'),
(7573, 25, 134, '0'),
(7574, 25, 135, '0'),
(7575, 25, 136, '1'),
(7576, 25, 137, '1'),
(7577, 25, 138, '0'),
(7578, 25, 139, '0'),
(7579, 25, 140, '0'),
(7580, 25, 141, '0'),
(7581, 25, 142, '0'),
(7582, 25, 143, '0'),
(7583, 25, 144, '0'),
(7584, 25, 145, '0'),
(7585, 25, 146, '0'),
(7586, 25, 147, '0'),
(7587, 25, 148, '0'),
(7588, 25, 149, '0'),
(7589, 25, 150, '0'),
(7590, 25, 151, '0'),
(7591, 25, 152, '0'),
(7592, 25, 153, '0'),
(7593, 25, 154, '0'),
(7594, 25, 155, '0'),
(7595, 25, 156, '0'),
(7596, 25, 157, '0'),
(7597, 25, 158, '0'),
(7598, 25, 159, '0'),
(7599, 25, 160, '0'),
(7600, 25, 161, '0'),
(7601, 25, 162, 'поза групою'),
(7602, 25, 163, '0'),
(7603, 25, 175, '0'),
(7604, 25, 176, '0'),
(7605, 25, 177, '0'),
(7606, 25, 178, 'Ні'),
(7607, 25, 179, '0'),
(7608, 25, 180, '0'),
(7609, 25, 181, '0'),
(7610, 25, 182, '0'),
(7611, 25, 183, '1827'),
(7612, 25, 184, 'Так'),
(7613, 26, 1, '55'),
(7614, 26, 2, '20'),
(7615, 26, 3, '35'),
(7616, 26, 4, '0'),
(7617, 26, 5, '1'),
(7618, 26, 6, '1'),
(7619, 26, 7, '0'),
(7620, 26, 8, '0'),
(7621, 26, 9, '0'),
(7622, 26, 10, '1'),
(7623, 26, 11, '0'),
(7624, 26, 12, '1'),
(7625, 26, 13, '0'),
(7626, 26, 14, '1'),
(7627, 26, 15, '0'),
(7628, 26, 16, '0'),
(7629, 26, 17, '16'),
(7630, 26, 18, '0'),
(7631, 26, 19, '0'),
(7632, 26, 20, '0'),
(7633, 26, 21, '4'),
(7634, 26, 22, '4'),
(7635, 26, 23, '4'),
(7636, 26, 24, '4'),
(7637, 26, 25, '0'),
(7638, 26, 26, '1'),
(7639, 26, 27, '0'),
(7640, 26, 28, '0'),
(7641, 26, 29, '0'),
(7642, 26, 30, '0'),
(7643, 26, 31, '1458'),
(7644, 26, 32, '493'),
(7645, 26, 33, '0'),
(7646, 26, 34, '493'),
(7647, 26, 35, '25'),
(7648, 26, 36, '144'),
(7649, 26, 37, '51'),
(7650, 26, 38, '51'),
(7651, 26, 39, '200'),
(7652, 26, 40, '22'),
(7653, 26, 41, '2381'),
(7654, 26, 42, '358'),
(7655, 26, 43, '26'),
(7656, 26, 44, '0'),
(7657, 26, 45, '358'),
(7658, 26, 46, '0'),
(7659, 26, 47, '0'),
(7660, 26, 48, '0'),
(7661, 26, 49, '0'),
(7662, 26, 50, 'від 31 до 40 включно'),
(7663, 26, 51, '371'),
(7664, 26, 52, '364'),
(7665, 26, 53, '7'),
(7666, 26, 54, '0'),
(7667, 26, 55, '0'),
(7668, 26, 56, '0'),
(7669, 26, 57, '226'),
(7670, 26, 58, '125'),
(7671, 26, 59, '0'),
(7672, 26, 60, '20'),
(7673, 26, 61, '0'),
(7674, 26, 62, '0'),
(7675, 26, 63, '0'),
(7676, 26, 64, '371'),
(7677, 26, 65, '3751'),
(7678, 26, 66, '3749'),
(7679, 26, 67, '2'),
(7680, 26, 68, '0'),
(7681, 26, 69, '0'),
(7682, 26, 70, '0'),
(7683, 26, 71, '2498'),
(7684, 26, 72, '1253'),
(7685, 26, 73, '0'),
(7686, 26, 74, '0'),
(7687, 26, 75, '3766'),
(7688, 26, 76, '3753'),
(7689, 26, 77, '13'),
(7690, 26, 78, '0'),
(7691, 26, 79, '0'),
(7692, 26, 80, '0'),
(7693, 26, 81, '1076'),
(7694, 26, 82, '2670'),
(7695, 26, 83, '0'),
(7696, 26, 84, '20'),
(7697, 26, 85, '0'),
(7698, 26, 86, '0'),
(7699, 26, 87, '0'),
(7700, 26, 88, '8789'),
(7701, 26, 89, '6488'),
(7702, 26, 90, '2301'),
(7703, 26, 91, '0'),
(7704, 26, 92, '0'),
(7705, 26, 93, '0'),
(7706, 26, 94, '6273'),
(7707, 26, 95, '2516'),
(7708, 26, 96, '0'),
(7709, 26, 97, '0'),
(7710, 26, 98, '3187'),
(7711, 26, 99, '2374'),
(7712, 26, 100, '813'),
(7713, 26, 101, '0'),
(7714, 26, 102, '0'),
(7715, 26, 103, '0'),
(7716, 26, 104, '2275'),
(7717, 26, 105, '912'),
(7718, 26, 106, '0'),
(7719, 26, 107, '0'),
(7720, 26, 108, '0'),
(7721, 26, 109, '0 '),
(7722, 26, 110, '0'),
(7723, 26, 111, '1'),
(7724, 26, 112, '0'),
(7725, 26, 113, '0'),
(7726, 26, 114, '0'),
(7727, 26, 115, '0'),
(7728, 26, 116, '0'),
(7729, 26, 117, ''),
(7730, 26, 118, ''),
(7731, 26, 119, '0'),
(7732, 26, 120, '0'),
(7733, 26, 121, '0'),
(7734, 26, 122, '0'),
(7735, 26, 123, '1'),
(7736, 26, 124, '1'),
(7737, 26, 125, '0'),
(7738, 26, 126, '0'),
(7739, 26, 127, '1'),
(7740, 26, 128, '0'),
(7741, 26, 129, '0'),
(7742, 26, 130, '1'),
(7743, 26, 131, '0'),
(7744, 26, 132, '0'),
(7745, 26, 133, '1'),
(7746, 26, 134, '0'),
(7747, 26, 135, '0'),
(7748, 26, 136, '0'),
(7749, 26, 137, '1'),
(7750, 26, 138, '0'),
(7751, 26, 139, '0'),
(7752, 26, 140, '0'),
(7753, 26, 141, '0'),
(7754, 26, 142, '0'),
(7755, 26, 143, '0'),
(7756, 26, 144, '0'),
(7757, 26, 145, '0'),
(7758, 26, 146, '0'),
(7759, 26, 147, '0'),
(7760, 26, 148, '0'),
(7761, 26, 149, '0'),
(7762, 26, 150, '0'),
(7763, 26, 151, '0'),
(7764, 26, 152, '0'),
(7765, 26, 153, '0'),
(7766, 26, 154, '0'),
(7767, 26, 155, '0'),
(7768, 26, 156, '0'),
(7769, 26, 157, '0'),
(7770, 26, 158, '0'),
(7771, 26, 159, '0'),
(7772, 26, 160, '0'),
(7773, 26, 161, '0'),
(7774, 26, 162, 'поза групою'),
(7775, 26, 163, '0'),
(7776, 26, 175, '0'),
(7777, 26, 176, '0'),
(7778, 26, 177, '0'),
(7779, 26, 178, 'Так'),
(7780, 26, 179, '0'),
(7781, 26, 180, '0'),
(7782, 26, 181, '0'),
(7783, 26, 182, '0'),
(7784, 26, 183, '1827'),
(7785, 26, 184, 'Так'),
(7786, 27, 1, '45'),
(7787, 27, 2, '45'),
(7788, 27, 3, '0'),
(7789, 27, 4, '0'),
(7790, 27, 5, '1'),
(7791, 27, 6, '1'),
(7792, 27, 7, '0'),
(7793, 27, 8, '0'),
(7794, 27, 9, '0'),
(7795, 27, 10, '0'),
(7796, 27, 11, '1'),
(7797, 27, 12, '1'),
(7798, 27, 13, '0'),
(7799, 27, 14, '1'),
(7800, 27, 15, '0'),
(7801, 27, 16, '0'),
(7802, 27, 17, '4'),
(7803, 27, 18, '0'),
(7804, 27, 19, '0'),
(7805, 27, 20, '0'),
(7806, 27, 21, '0'),
(7807, 27, 22, '0'),
(7808, 27, 23, '0'),
(7809, 27, 24, '0'),
(7810, 27, 25, '0'),
(7811, 27, 26, '0'),
(7812, 27, 27, '0'),
(7813, 27, 28, '0'),
(7814, 27, 29, '0'),
(7815, 27, 30, '0'),
(7816, 27, 31, '481'),
(7817, 27, 32, '346'),
(7818, 27, 33, '0'),
(7819, 27, 34, '346'),
(7820, 27, 35, '3'),
(7821, 27, 36, '57'),
(7822, 27, 37, '15'),
(7823, 27, 38, '22'),
(7824, 27, 39, '199'),
(7825, 27, 40, '50'),
(7826, 27, 41, '1636'),
(7827, 27, 42, '919'),
(7828, 27, 43, '18'),
(7829, 27, 44, '8'),
(7830, 27, 45, '373'),
(7831, 27, 46, '546'),
(7832, 27, 47, '0'),
(7833, 27, 48, '0'),
(7834, 27, 49, '0'),
(7835, 27, 50, 'від 31 до 40 включно'),
(7836, 27, 51, '67'),
(7837, 27, 52, '61'),
(7838, 27, 53, '6'),
(7839, 27, 54, '0'),
(7840, 27, 55, '0'),
(7841, 27, 56, '0'),
(7842, 27, 57, '58'),
(7843, 27, 58, '0'),
(7844, 27, 59, '0'),
(7845, 27, 60, '9'),
(7846, 27, 61, '0'),
(7847, 27, 62, '0'),
(7848, 27, 63, '0'),
(7849, 27, 64, '67'),
(7850, 27, 65, '0'),
(7851, 27, 66, '0'),
(7852, 27, 67, '0'),
(7853, 27, 68, '0'),
(7854, 27, 69, '0'),
(7855, 27, 70, '0'),
(7856, 27, 71, '0'),
(7857, 27, 72, '0'),
(7858, 27, 73, '0'),
(7859, 27, 74, '0'),
(7860, 27, 75, '4593'),
(7861, 27, 76, '4587'),
(7862, 27, 77, '6'),
(7863, 27, 78, '0'),
(7864, 27, 79, '0'),
(7865, 27, 80, '0'),
(7866, 27, 81, '2273'),
(7867, 27, 82, '2311'),
(7868, 27, 83, '0'),
(7869, 27, 84, '9'),
(7870, 27, 85, '0'),
(7871, 27, 86, '0'),
(7872, 27, 87, '0'),
(7873, 27, 88, '7515'),
(7874, 27, 89, '7206'),
(7875, 27, 90, '309'),
(7876, 27, 91, '0'),
(7877, 27, 92, '0'),
(7878, 27, 93, '0'),
(7879, 27, 94, '5732'),
(7880, 27, 95, '1783'),
(7881, 27, 96, '0'),
(7882, 27, 97, '0'),
(7883, 27, 98, '2991'),
(7884, 27, 99, '2698'),
(7885, 27, 100, '293'),
(7886, 27, 101, '0'),
(7887, 27, 102, '0'),
(7888, 27, 103, '0'),
(7889, 27, 104, '2479'),
(7890, 27, 105, '512'),
(7891, 27, 106, '0'),
(7892, 27, 107, '0'),
(7893, 27, 108, '0'),
(7894, 27, 109, ' 0 '),
(7895, 27, 110, '0'),
(7896, 27, 111, '0'),
(7897, 27, 112, '0'),
(7898, 27, 113, '0'),
(7899, 27, 114, '0'),
(7900, 27, 115, '0'),
(7901, 27, 116, '0'),
(7902, 27, 117, ''),
(7903, 27, 118, ''),
(7904, 27, 119, '4'),
(7905, 27, 120, '0'),
(7906, 27, 121, '0'),
(7907, 27, 122, '0'),
(7908, 27, 123, '1'),
(7909, 27, 124, '1'),
(7910, 27, 125, '0'),
(7911, 27, 126, '0'),
(7912, 27, 127, '1'),
(7913, 27, 128, '1'),
(7914, 27, 129, '0'),
(7915, 27, 130, '1'),
(7916, 27, 131, '0'),
(7917, 27, 132, '0'),
(7918, 27, 133, '0'),
(7919, 27, 134, '0'),
(7920, 27, 135, '1'),
(7921, 27, 136, '0'),
(7922, 27, 137, '1'),
(7923, 27, 138, '0'),
(7924, 27, 139, '0'),
(7925, 27, 140, '0'),
(7926, 27, 141, '0'),
(7927, 27, 142, '0'),
(7928, 27, 143, '0'),
(7929, 27, 144, '0'),
(7930, 27, 145, '0'),
(7931, 27, 146, '0'),
(7932, 27, 147, '0'),
(7933, 27, 148, '0'),
(7934, 27, 149, '0'),
(7935, 27, 150, '0'),
(7936, 27, 151, '0'),
(7937, 27, 152, '0'),
(7938, 27, 153, '0'),
(7939, 27, 154, '0'),
(7940, 27, 155, '0'),
(7941, 27, 156, '0'),
(7942, 27, 157, '0'),
(7943, 27, 158, '0'),
(7944, 27, 159, '0'),
(7945, 27, 160, '0'),
(7946, 27, 161, '0'),
(7947, 27, 162, 'поза групою'),
(7948, 27, 163, '0'),
(7949, 27, 175, '0'),
(7950, 27, 176, '0'),
(7951, 27, 177, '0'),
(7952, 27, 178, 'Ні'),
(7953, 27, 179, '0'),
(7954, 27, 180, '0'),
(7955, 27, 181, '0'),
(7956, 27, 182, '0'),
(7957, 27, 183, '1827'),
(7958, 27, 184, 'Так'),
(7959, 28, 1, '46.5'),
(7960, 28, 2, '23.25'),
(7961, 28, 3, '23.25'),
(7962, 28, 4, '1'),
(7963, 28, 5, '1'),
(7964, 28, 6, '1'),
(7965, 28, 7, '0'),
(7966, 28, 8, '0'),
(7967, 28, 9, '0'),
(7968, 28, 10, '1'),
(7969, 28, 11, '0'),
(7970, 28, 12, '1'),
(7971, 28, 13, '0'),
(7972, 28, 14, '1'),
(7973, 28, 15, '0'),
(7974, 28, 16, '1'),
(7975, 28, 17, '15'),
(7976, 28, 18, '0'),
(7977, 28, 19, '0'),
(7978, 28, 20, '1'),
(7979, 28, 21, '4'),
(7980, 28, 22, '4'),
(7981, 28, 23, '0'),
(7982, 28, 24, '0'),
(7983, 28, 25, '0'),
(7984, 28, 26, '2'),
(7985, 28, 27, '1'),
(7986, 28, 28, '0'),
(7987, 28, 29, '0'),
(7988, 28, 30, '0'),
(7989, 28, 31, '603'),
(7990, 28, 32, '490'),
(7991, 28, 33, '0'),
(7992, 28, 34, '490'),
(7993, 28, 35, '5'),
(7994, 28, 36, '45'),
(7995, 28, 37, '28'),
(7996, 28, 38, '47'),
(7997, 28, 39, '337'),
(7998, 28, 40, '28'),
(7999, 28, 41, '2040'),
(8000, 28, 42, '870'),
(8001, 28, 43, '47'),
(8002, 28, 44, '18'),
(8003, 28, 45, '620'),
(8004, 28, 46, '250'),
(8005, 28, 47, '0'),
(8006, 28, 48, '0'),
(8007, 28, 49, '0'),
(8008, 28, 50, 'від 31 до 40 включно'),
(8009, 28, 51, '165'),
(8010, 28, 52, '139'),
(8011, 28, 53, '26'),
(8012, 28, 54, '0'),
(8013, 28, 55, '0'),
(8014, 28, 56, '0'),
(8015, 28, 57, '146'),
(8016, 28, 58, '0'),
(8017, 28, 59, '0'),
(8018, 28, 60, '19'),
(8019, 28, 61, '0'),
(8020, 28, 62, '0'),
(8021, 28, 63, '0'),
(8022, 28, 64, '165'),
(8023, 28, 65, '436'),
(8024, 28, 66, '327'),
(8025, 28, 67, '109'),
(8026, 28, 68, '0'),
(8027, 28, 69, '0'),
(8028, 28, 70, '0'),
(8029, 28, 71, '317'),
(8030, 28, 72, '119'),
(8031, 28, 73, '0'),
(8032, 28, 74, '0'),
(8033, 28, 75, '8034'),
(8034, 28, 76, '7669'),
(8035, 28, 77, '363'),
(8036, 28, 78, '2'),
(8037, 28, 79, '0'),
(8038, 28, 80, '0'),
(8039, 28, 81, '2904'),
(8040, 28, 82, '5111'),
(8041, 28, 83, '0'),
(8042, 28, 84, '19'),
(8043, 28, 85, '0'),
(8044, 28, 86, '0'),
(8045, 28, 87, '0'),
(8046, 28, 88, '8599'),
(8047, 28, 89, '8259'),
(8048, 28, 90, '340'),
(8049, 28, 91, '0'),
(8050, 28, 92, '0'),
(8051, 28, 93, '0'),
(8052, 28, 94, '7435'),
(8053, 28, 95, '1164'),
(8054, 28, 96, '0'),
(8055, 28, 97, '0'),
(8056, 28, 98, '3313'),
(8057, 28, 99, '3177'),
(8058, 28, 100, '136'),
(8059, 28, 101, '0'),
(8060, 28, 102, '0'),
(8061, 28, 103, '0'),
(8062, 28, 104, '3118'),
(8063, 28, 105, '195'),
(8064, 28, 106, '0'),
(8065, 28, 107, '0'),
(8066, 28, 108, '0'),
(8067, 28, 109, '0 '),
(8068, 28, 110, '0'),
(8069, 28, 111, '1'),
(8070, 28, 112, '0'),
(8071, 28, 113, '0'),
(8072, 28, 114, '0'),
(8073, 28, 115, '0'),
(8074, 28, 116, '0'),
(8075, 28, 117, ''),
(8076, 28, 118, ''),
(8077, 28, 119, '40'),
(8078, 28, 120, '0'),
(8079, 28, 121, '0'),
(8080, 28, 122, '0'),
(8081, 28, 123, '1'),
(8082, 28, 124, '1'),
(8083, 28, 125, '0'),
(8084, 28, 126, '0'),
(8085, 28, 127, '1'),
(8086, 28, 128, '1'),
(8087, 28, 129, '0'),
(8088, 28, 130, '0'),
(8089, 28, 131, '1'),
(8090, 28, 132, '0'),
(8091, 28, 133, '0'),
(8092, 28, 134, '0'),
(8093, 28, 135, '0'),
(8094, 28, 136, '1'),
(8095, 28, 137, '1'),
(8096, 28, 138, '0'),
(8097, 28, 139, '0'),
(8098, 28, 140, '0'),
(8099, 28, 141, '0'),
(8100, 28, 142, '0'),
(8101, 28, 143, '0'),
(8102, 28, 144, '0'),
(8103, 28, 145, '0'),
(8104, 28, 146, '0'),
(8105, 28, 147, '0'),
(8106, 28, 148, '0'),
(8107, 28, 149, '0'),
(8108, 28, 150, '0'),
(8109, 28, 151, '0'),
(8110, 28, 152, '0'),
(8111, 28, 153, '0'),
(8112, 28, 154, '0'),
(8113, 28, 155, '0'),
(8114, 28, 156, '0'),
(8115, 28, 157, '0'),
(8116, 28, 158, '0'),
(8117, 28, 159, '0'),
(8118, 28, 160, '0'),
(8119, 28, 161, '0'),
(8120, 28, 162, 'поза групою'),
(8121, 28, 163, '0'),
(8122, 28, 175, '0'),
(8123, 28, 176, '0'),
(8124, 28, 177, '0'),
(8125, 28, 178, 'Так'),
(8126, 28, 179, '0'),
(8127, 28, 180, '0'),
(8128, 28, 181, '0'),
(8129, 28, 182, '0'),
(8130, 28, 183, '1827'),
(8131, 28, 184, 'Так'),
(8132, 29, 1, '45'),
(8133, 29, 2, '20'),
(8134, 29, 3, '25'),
(8135, 29, 4, '1'),
(8136, 29, 5, '1'),
(8137, 29, 6, '0'),
(8138, 29, 7, '1'),
(8139, 29, 8, '0'),
(8140, 29, 9, '0'),
(8141, 29, 10, '0'),
(8142, 29, 11, '1'),
(8143, 29, 12, '1'),
(8144, 29, 13, '0'),
(8145, 29, 14, '1'),
(8146, 29, 15, '0'),
(8147, 29, 16, '0'),
(8148, 29, 17, '15'),
(8149, 29, 18, '0'),
(8150, 29, 19, '0'),
(8151, 29, 20, '0'),
(8152, 29, 21, '1'),
(8153, 29, 22, '1'),
(8154, 29, 23, '1'),
(8155, 29, 24, '1'),
(8156, 29, 25, '0'),
(8157, 29, 26, '0'),
(8158, 29, 27, '0'),
(8159, 29, 28, '0'),
(8160, 29, 29, '0'),
(8161, 29, 30, '0'),
(8162, 29, 31, '836'),
(8163, 29, 32, '474'),
(8164, 29, 33, '0'),
(8165, 29, 34, '474'),
(8166, 29, 35, '6'),
(8167, 29, 36, '53'),
(8168, 29, 37, '29'),
(8169, 29, 38, '44'),
(8170, 29, 39, '222'),
(8171, 29, 40, '120'),
(8172, 29, 41, '3938'),
(8173, 29, 42, '836'),
(8174, 29, 43, '39'),
(8175, 29, 44, '16'),
(8176, 29, 45, '454'),
(8177, 29, 46, '382'),
(8178, 29, 47, '0'),
(8179, 29, 48, '0'),
(8180, 29, 49, '0'),
(8181, 29, 50, 'від 31 до 40 включно'),
(8182, 29, 51, '96'),
(8183, 29, 52, '91'),
(8184, 29, 53, '5'),
(8185, 29, 54, '0'),
(8186, 29, 55, '0'),
(8187, 29, 56, '0'),
(8188, 29, 57, '58'),
(8189, 29, 58, '16'),
(8190, 29, 59, '0'),
(8191, 29, 60, '22'),
(8192, 29, 61, '0'),
(8193, 29, 62, '0'),
(8194, 29, 63, '0'),
(8195, 29, 64, '96'),
(8196, 29, 65, '333'),
(8197, 29, 66, '321'),
(8198, 29, 67, '12'),
(8199, 29, 68, '0'),
(8200, 29, 69, '0'),
(8201, 29, 70, '0'),
(8202, 29, 71, '145'),
(8203, 29, 72, '188'),
(8204, 29, 73, '0'),
(8205, 29, 74, '0'),
(8206, 29, 75, '6093'),
(8207, 29, 76, '6025'),
(8208, 29, 77, '64'),
(8209, 29, 78, '4'),
(8210, 29, 79, '0'),
(8211, 29, 80, '0'),
(8212, 29, 81, '1081'),
(8213, 29, 82, '4990'),
(8214, 29, 83, '0'),
(8215, 29, 84, '22'),
(8216, 29, 85, '0'),
(8217, 29, 86, '0'),
(8218, 29, 87, '0'),
(8219, 29, 88, '7624'),
(8220, 29, 89, '7439'),
(8221, 29, 90, '185'),
(8222, 29, 91, '0'),
(8223, 29, 92, '0'),
(8224, 29, 93, '0'),
(8225, 29, 94, '4610'),
(8226, 29, 95, '3014'),
(8227, 29, 96, '0'),
(8228, 29, 97, '0'),
(8229, 29, 98, '2349'),
(8230, 29, 99, '2298'),
(8231, 29, 100, '51'),
(8232, 29, 101, '0'),
(8233, 29, 102, '0'),
(8234, 29, 103, '0'),
(8235, 29, 104, '1574'),
(8236, 29, 105, '775'),
(8237, 29, 106, '0'),
(8238, 29, 107, '0'),
(8239, 29, 108, '0'),
(8240, 29, 109, '0 '),
(8241, 29, 110, '0'),
(8242, 29, 111, '0'),
(8243, 29, 112, '0'),
(8244, 29, 113, '0'),
(8245, 29, 114, '0'),
(8246, 29, 115, '0'),
(8247, 29, 116, '0'),
(8248, 29, 117, ''),
(8249, 29, 118, ''),
(8250, 29, 119, '29'),
(8251, 29, 120, '0'),
(8252, 29, 121, '0'),
(8253, 29, 122, '0'),
(8254, 29, 123, '1'),
(8255, 29, 124, '1'),
(8256, 29, 125, '0'),
(8257, 29, 126, '0'),
(8258, 29, 127, '1'),
(8259, 29, 128, '1'),
(8260, 29, 129, '0'),
(8261, 29, 130, '0'),
(8262, 29, 131, '1'),
(8263, 29, 132, '0'),
(8264, 29, 133, '0'),
(8265, 29, 134, '0'),
(8266, 29, 135, '1'),
(8267, 29, 136, '0'),
(8268, 29, 137, '1'),
(8269, 29, 138, '0'),
(8270, 29, 139, '0'),
(8271, 29, 140, '0'),
(8272, 29, 141, '0'),
(8273, 29, 142, '0'),
(8274, 29, 143, '0'),
(8275, 29, 144, '0'),
(8276, 29, 145, '0'),
(8277, 29, 146, '0'),
(8278, 29, 147, '0'),
(8279, 29, 148, '0'),
(8280, 29, 149, '0'),
(8281, 29, 150, '0'),
(8282, 29, 151, '0'),
(8283, 29, 152, '0'),
(8284, 29, 153, '0'),
(8285, 29, 154, '0'),
(8286, 29, 155, '0'),
(8287, 29, 156, '0'),
(8288, 29, 157, '0'),
(8289, 29, 158, '0'),
(8290, 29, 159, '0'),
(8291, 29, 160, '0'),
(8292, 29, 161, '0'),
(8293, 29, 162, 'поза групою'),
(8294, 29, 163, '0'),
(8295, 29, 175, '0'),
(8296, 29, 176, '0'),
(8297, 29, 177, '0'),
(8298, 29, 178, 'Так'),
(8299, 29, 179, '0'),
(8300, 29, 180, '0'),
(8301, 29, 181, '0'),
(8302, 29, 182, '0'),
(8303, 29, 183, '1827'),
(8304, 29, 184, 'Так'),
(8305, 30, 1, '663'),
(8306, 30, 2, '115'),
(8307, 30, 3, '548'),
(8308, 30, 4, '2'),
(8309, 30, 5, '2'),
(8310, 30, 6, '0'),
(8311, 30, 7, '2'),
(8312, 30, 8, '0'),
(8313, 30, 9, '0'),
(8314, 30, 10, '2'),
(8315, 30, 11, '0'),
(8316, 30, 12, '2'),
(8317, 30, 13, '0'),
(8318, 30, 14, '2'),
(8319, 30, 15, '0'),
(8320, 30, 16, '2'),
(8321, 30, 17, '133'),
(8322, 30, 18, '1'),
(8323, 30, 19, '0'),
(8324, 30, 20, '2'),
(8325, 30, 21, '21'),
(8326, 30, 22, '19'),
(8327, 30, 23, '20'),
(8328, 30, 24, '18'),
(8329, 30, 25, '0'),
(8330, 30, 26, '10'),
(8331, 30, 27, '17'),
(8332, 30, 28, '1'),
(8333, 30, 29, '0'),
(8334, 30, 30, '0'),
(8335, 30, 31, '27125'),
(8336, 30, 32, '7320'),
(8337, 30, 33, '0'),
(8338, 30, 34, '6755'),
(8339, 30, 35, '325'),
(8340, 30, 36, '2180'),
(8341, 30, 37, '957'),
(8342, 30, 38, '617'),
(8343, 30, 39, '2034'),
(8344, 30, 40, '642'),
(8345, 30, 41, '87936'),
(8346, 30, 42, '2143'),
(8347, 30, 43, '146'),
(8348, 30, 44, '25'),
(8349, 30, 45, '1562'),
(8350, 30, 46, '581'),
(8351, 30, 47, '0'),
(8352, 30, 48, '0'),
(8353, 30, 49, '1018'),
(8354, 30, 50, 'більше 40'),
(8355, 30, 51, '1614'),
(8356, 30, 52, '1410'),
(8357, 30, 53, '204'),
(8358, 30, 54, '0'),
(8359, 30, 55, '0'),
(8360, 30, 56, '0'),
(8361, 30, 57, '1319'),
(8362, 30, 58, '140'),
(8363, 30, 59, '88'),
(8364, 30, 60, '67'),
(8365, 30, 61, '0'),
(8366, 30, 62, '0'),
(8367, 30, 63, '0'),
(8368, 30, 64, '1614'),
(8369, 30, 65, '4234'),
(8370, 30, 66, '3286'),
(8371, 30, 67, '948'),
(8372, 30, 68, '0'),
(8373, 30, 69, '0'),
(8374, 30, 70, '0'),
(8375, 30, 71, '1918'),
(8376, 30, 72, '2316'),
(8377, 30, 73, '0'),
(8378, 30, 74, '0'),
(8379, 30, 75, '81164'),
(8380, 30, 76, '80418'),
(8381, 30, 77, '727'),
(8382, 30, 78, '19'),
(8383, 30, 79, '0'),
(8384, 30, 80, '0'),
(8385, 30, 81, '57628'),
(8386, 30, 82, '23317'),
(8387, 30, 83, '98'),
(8388, 30, 84, '121'),
(8389, 30, 85, '0'),
(8390, 30, 86, '0'),
(8391, 30, 87, '0'),
(8392, 30, 88, '97030'),
(8393, 30, 89, '74333'),
(8394, 30, 90, '22697'),
(8395, 30, 91, '0'),
(8396, 30, 92, '0'),
(8397, 30, 93, '0'),
(8398, 30, 94, '76142'),
(8399, 30, 95, '20738'),
(8400, 30, 96, '93'),
(8401, 30, 97, '57'),
(8402, 30, 98, '42772'),
(8403, 30, 99, '32010'),
(8404, 30, 100, '10762'),
(8405, 30, 101, '0'),
(8406, 30, 102, '0'),
(8407, 30, 103, '0'),
(8408, 30, 104, '41297'),
(8409, 30, 105, '1475'),
(8410, 30, 106, '0'),
(8411, 30, 107, '0'),
(8412, 30, 108, '1');
INSERT INTO `document_data` (`dd_id`, `dd_docid`, `dd_fieldsid`, `dd_values`) VALUES
(8413, 30, 109, '    hm-library.com.ua '),
(8414, 30, 110, '46860'),
(8415, 30, 111, '3'),
(8416, 30, 112, '21704'),
(8417, 30, 113, '4'),
(8418, 30, 114, '21707'),
(8419, 30, 115, '0'),
(8420, 30, 116, '0'),
(8421, 30, 117, ''),
(8422, 30, 118, ''),
(8423, 30, 119, '358'),
(8424, 30, 120, '0'),
(8425, 30, 121, '99'),
(8426, 30, 122, '0'),
(8427, 30, 123, '16'),
(8428, 30, 124, '12'),
(8429, 30, 125, '6'),
(8430, 30, 126, '5'),
(8431, 30, 127, '6'),
(8432, 30, 128, '6'),
(8433, 30, 129, '1'),
(8434, 30, 130, '3'),
(8435, 30, 131, '8'),
(8436, 30, 132, '0'),
(8437, 30, 133, '0'),
(8438, 30, 134, '2'),
(8439, 30, 135, '3'),
(8440, 30, 136, '7'),
(8441, 30, 137, '12'),
(8442, 30, 138, '0'),
(8443, 30, 139, '0'),
(8444, 30, 140, '0'),
(8445, 30, 141, '3'),
(8446, 30, 142, '4520'),
(8447, 30, 143, '4264.4'),
(8448, 30, 144, '4199.5'),
(8449, 30, 145, '0'),
(8450, 30, 146, '0'),
(8451, 30, 147, '5.8'),
(8452, 30, 148, '0'),
(8453, 30, 149, '256'),
(8454, 30, 150, '0'),
(8455, 30, 151, '253.4'),
(8456, 30, 152, '3.9'),
(8457, 30, 153, '4521.7'),
(8458, 30, 154, '4199.5'),
(8459, 30, 155, '0'),
(8460, 30, 156, '0'),
(8461, 30, 157, '5.8'),
(8462, 30, 158, '0'),
(8463, 30, 159, '0'),
(8464, 30, 160, '0'),
(8465, 30, 161, '3.9'),
(8466, 30, 162, 'поза групою'),
(8467, 30, 163, '27'),
(8468, 30, 175, '0'),
(8469, 30, 176, '2'),
(8470, 30, 177, '0'),
(8471, 30, 178, 'Так'),
(8472, 30, 179, '0'),
(8473, 30, 180, '0'),
(8474, 30, 181, '0'),
(8475, 30, 182, '0'),
(8476, 30, 183, '1827'),
(8477, 30, 184, 'Так'),
(8478, 31, 1, '90'),
(8479, 31, 2, '65'),
(8480, 31, 3, '25'),
(8481, 31, 4, '0'),
(8482, 31, 5, '1'),
(8483, 31, 6, '0'),
(8484, 31, 7, '1'),
(8485, 31, 8, '0'),
(8486, 31, 9, '0'),
(8487, 31, 10, '1'),
(8488, 31, 11, '0'),
(8489, 31, 12, '1'),
(8490, 31, 13, '0'),
(8491, 31, 14, '1'),
(8492, 31, 15, '0'),
(8493, 31, 16, '0'),
(8494, 31, 17, '16'),
(8495, 31, 18, '0'),
(8496, 31, 19, '0'),
(8497, 31, 20, '1'),
(8498, 31, 21, '2'),
(8499, 31, 22, '2'),
(8500, 31, 23, '2'),
(8501, 31, 24, '2'),
(8502, 31, 25, '0'),
(8503, 31, 26, '2'),
(8504, 31, 27, '0'),
(8505, 31, 28, '0'),
(8506, 31, 29, '0'),
(8507, 31, 30, '0'),
(8508, 31, 31, '730'),
(8509, 31, 32, '376'),
(8510, 31, 33, '0'),
(8511, 31, 34, '376'),
(8512, 31, 35, '10'),
(8513, 31, 36, '91'),
(8514, 31, 37, '9'),
(8515, 31, 38, '25'),
(8516, 31, 39, '178'),
(8517, 31, 40, '63'),
(8518, 31, 41, '916'),
(8519, 31, 42, '190'),
(8520, 31, 43, '16'),
(8521, 31, 44, '2'),
(8522, 31, 45, '160'),
(8523, 31, 46, '30'),
(8524, 31, 47, '0'),
(8525, 31, 48, '0'),
(8526, 31, 49, '0'),
(8527, 31, 50, 'від 31 до 40 включно'),
(8528, 31, 51, '92'),
(8529, 31, 52, '85'),
(8530, 31, 53, '7'),
(8531, 31, 54, '0'),
(8532, 31, 55, '0'),
(8533, 31, 56, '0'),
(8534, 31, 57, '70'),
(8535, 31, 58, '4'),
(8536, 31, 59, '0'),
(8537, 31, 60, '18'),
(8538, 31, 61, '0'),
(8539, 31, 62, '0'),
(8540, 31, 63, '0'),
(8541, 31, 64, '92'),
(8542, 31, 65, '10'),
(8543, 31, 66, '5'),
(8544, 31, 67, '5'),
(8545, 31, 68, '0'),
(8546, 31, 69, '0'),
(8547, 31, 70, '0'),
(8548, 31, 71, '8'),
(8549, 31, 72, '2'),
(8550, 31, 73, '0'),
(8551, 31, 74, '0'),
(8552, 31, 75, '7218'),
(8553, 31, 76, '7184'),
(8554, 31, 77, '32'),
(8555, 31, 78, '2'),
(8556, 31, 79, '0'),
(8557, 31, 80, '0'),
(8558, 31, 81, '4922'),
(8559, 31, 82, '2278'),
(8560, 31, 83, '0'),
(8561, 31, 84, '18'),
(8562, 31, 85, '0'),
(8563, 31, 86, '0'),
(8564, 31, 87, '0'),
(8565, 31, 88, '4368'),
(8566, 31, 89, '2912'),
(8567, 31, 90, '1456'),
(8568, 31, 91, '0'),
(8569, 31, 92, '0'),
(8570, 31, 93, '0'),
(8571, 31, 94, '3613'),
(8572, 31, 95, '755'),
(8573, 31, 96, '0'),
(8574, 31, 97, '0'),
(8575, 31, 98, '1821'),
(8576, 31, 99, '1214'),
(8577, 31, 100, '607'),
(8578, 31, 101, '0'),
(8579, 31, 102, '0'),
(8580, 31, 103, '0'),
(8581, 31, 104, '1520'),
(8582, 31, 105, '301'),
(8583, 31, 106, '0'),
(8584, 31, 107, '0'),
(8585, 31, 108, '0'),
(8586, 31, 109, '0 '),
(8587, 31, 110, '0'),
(8588, 31, 111, '1'),
(8589, 31, 112, '0'),
(8590, 31, 113, '0'),
(8591, 31, 114, '0'),
(8592, 31, 115, '0'),
(8593, 31, 116, '0'),
(8594, 31, 117, ''),
(8595, 31, 118, ''),
(8596, 31, 119, '40'),
(8597, 31, 120, '0'),
(8598, 31, 121, '0'),
(8599, 31, 122, '0'),
(8600, 31, 123, '1'),
(8601, 31, 124, '1'),
(8602, 31, 125, '0'),
(8603, 31, 126, '0'),
(8604, 31, 127, '1'),
(8605, 31, 128, '1'),
(8606, 31, 129, '0'),
(8607, 31, 130, '0'),
(8608, 31, 131, '0'),
(8609, 31, 132, '1'),
(8610, 31, 133, '0'),
(8611, 31, 134, '0'),
(8612, 31, 135, '0'),
(8613, 31, 136, '1'),
(8614, 31, 137, '1'),
(8615, 31, 138, '0'),
(8616, 31, 139, '0'),
(8617, 31, 140, '0'),
(8618, 31, 141, '0'),
(8619, 31, 142, '0'),
(8620, 31, 143, '0'),
(8621, 31, 144, '0'),
(8622, 31, 145, '0'),
(8623, 31, 146, '0'),
(8624, 31, 147, '0'),
(8625, 31, 148, '0'),
(8626, 31, 149, '0'),
(8627, 31, 150, '0'),
(8628, 31, 151, '0'),
(8629, 31, 152, '0'),
(8630, 31, 153, '0'),
(8631, 31, 154, '0'),
(8632, 31, 155, '0'),
(8633, 31, 156, '0'),
(8634, 31, 157, '0'),
(8635, 31, 158, '0'),
(8636, 31, 159, '0'),
(8637, 31, 160, '0'),
(8638, 31, 161, '0'),
(8639, 31, 162, 'поза групою'),
(8640, 31, 163, '0'),
(8641, 31, 175, '0'),
(8642, 31, 176, '0'),
(8643, 31, 177, '0'),
(8644, 31, 178, 'Так'),
(8645, 31, 179, '0'),
(8646, 31, 180, '0'),
(8647, 31, 181, '0'),
(8648, 31, 182, '0'),
(8649, 31, 183, '1827'),
(8650, 31, 184, 'Так'),
(8651, 32, 1, '47'),
(8652, 32, 2, '40'),
(8653, 32, 3, '7'),
(8654, 32, 4, '1'),
(8655, 32, 5, '1'),
(8656, 32, 6, '1'),
(8657, 32, 7, '0'),
(8658, 32, 8, '0'),
(8659, 32, 9, '0'),
(8660, 32, 10, '1'),
(8661, 32, 11, '0'),
(8662, 32, 12, '1'),
(8663, 32, 13, '0'),
(8664, 32, 14, '1'),
(8665, 32, 15, '0'),
(8666, 32, 16, '0'),
(8667, 32, 17, '12'),
(8668, 32, 18, '0'),
(8669, 32, 19, '0'),
(8670, 32, 20, '0'),
(8671, 32, 21, '0'),
(8672, 32, 22, '0'),
(8673, 32, 23, '0'),
(8674, 32, 24, '0'),
(8675, 32, 25, '0'),
(8676, 32, 26, '0'),
(8677, 32, 27, '0'),
(8678, 32, 28, '0'),
(8679, 32, 29, '0'),
(8680, 32, 30, '0'),
(8681, 32, 31, '482'),
(8682, 32, 32, '463'),
(8683, 32, 33, '0'),
(8684, 32, 34, '463'),
(8685, 32, 35, '6'),
(8686, 32, 36, '57'),
(8687, 32, 37, '15'),
(8688, 32, 38, '22'),
(8689, 32, 39, '260'),
(8690, 32, 40, '103'),
(8691, 32, 41, '4062'),
(8692, 32, 42, '560'),
(8693, 32, 43, '16'),
(8694, 32, 44, '10'),
(8695, 32, 45, '190'),
(8696, 32, 46, '370'),
(8697, 32, 47, '0'),
(8698, 32, 48, '0'),
(8699, 32, 49, '0'),
(8700, 32, 50, 'від 31 до 40 включно'),
(8701, 32, 51, '89'),
(8702, 32, 52, '81'),
(8703, 32, 53, '8'),
(8704, 32, 54, '0'),
(8705, 32, 55, '0'),
(8706, 32, 56, '0'),
(8707, 32, 57, '65'),
(8708, 32, 58, '2'),
(8709, 32, 59, '0'),
(8710, 32, 60, '22'),
(8711, 32, 61, '0'),
(8712, 32, 62, '0'),
(8713, 32, 63, '0'),
(8714, 32, 64, '0'),
(8715, 32, 65, '29'),
(8716, 32, 66, '9'),
(8717, 32, 67, '20'),
(8718, 32, 68, '0'),
(8719, 32, 69, '0'),
(8720, 32, 70, '0'),
(8721, 32, 71, '28'),
(8722, 32, 72, '1'),
(8723, 32, 73, '0'),
(8724, 32, 74, '0'),
(8725, 32, 75, '10676'),
(8726, 32, 76, '10656'),
(8727, 32, 77, '20'),
(8728, 32, 78, '0'),
(8729, 32, 79, '0'),
(8730, 32, 80, '0'),
(8731, 32, 81, '6304'),
(8732, 32, 82, '4350'),
(8733, 32, 83, '0'),
(8734, 32, 84, '22'),
(8735, 32, 85, '0'),
(8736, 32, 86, '0'),
(8737, 32, 87, '0'),
(8738, 32, 88, '7961'),
(8739, 32, 89, '7936'),
(8740, 32, 90, '25'),
(8741, 32, 91, '0'),
(8742, 32, 92, '0'),
(8743, 32, 93, '0'),
(8744, 32, 94, '5059'),
(8745, 32, 95, '2902'),
(8746, 32, 96, '0'),
(8747, 32, 97, '0'),
(8748, 32, 98, '2117'),
(8749, 32, 99, '2099'),
(8750, 32, 100, '18'),
(8751, 32, 101, '0'),
(8752, 32, 102, '0'),
(8753, 32, 103, '0'),
(8754, 32, 104, '1483'),
(8755, 32, 105, '634'),
(8756, 32, 106, '0'),
(8757, 32, 107, '0'),
(8758, 32, 108, '0'),
(8759, 32, 109, '  0 '),
(8760, 32, 110, '0'),
(8761, 32, 111, '1'),
(8762, 32, 112, '0'),
(8763, 32, 113, '0'),
(8764, 32, 114, '0'),
(8765, 32, 115, '0'),
(8766, 32, 116, '0'),
(8767, 32, 117, ''),
(8768, 32, 118, ''),
(8769, 32, 119, '0'),
(8770, 32, 120, '0'),
(8771, 32, 121, '0'),
(8772, 32, 122, '0'),
(8773, 32, 123, '1'),
(8774, 32, 124, '1'),
(8775, 32, 125, '0'),
(8776, 32, 126, '0'),
(8777, 32, 127, '1'),
(8778, 32, 128, '1'),
(8779, 32, 129, '0'),
(8780, 32, 130, '1'),
(8781, 32, 131, '0'),
(8782, 32, 132, '0'),
(8783, 32, 133, '0'),
(8784, 32, 134, '0'),
(8785, 32, 135, '1'),
(8786, 32, 136, '0'),
(8787, 32, 137, '1'),
(8788, 32, 138, '0'),
(8789, 32, 139, '0'),
(8790, 32, 140, '0'),
(8791, 32, 141, '0'),
(8792, 32, 142, '0'),
(8793, 32, 143, '0'),
(8794, 32, 144, '0'),
(8795, 32, 145, '0'),
(8796, 32, 146, '0'),
(8797, 32, 147, '0'),
(8798, 32, 148, '0'),
(8799, 32, 149, '0'),
(8800, 32, 150, '0'),
(8801, 32, 151, '0'),
(8802, 32, 152, '0'),
(8803, 32, 153, '0'),
(8804, 32, 154, '0'),
(8805, 32, 155, '0'),
(8806, 32, 156, '0'),
(8807, 32, 157, '0'),
(8808, 32, 158, '0'),
(8809, 32, 159, '0'),
(8810, 32, 160, '0'),
(8811, 32, 161, '0'),
(8812, 32, 162, 'поза групою'),
(8813, 32, 163, '0'),
(8814, 32, 175, '0'),
(8815, 32, 176, '0'),
(8816, 32, 177, '0'),
(8817, 32, 178, 'Так'),
(8818, 32, 179, '0'),
(8819, 32, 180, '0'),
(8820, 32, 181, '0'),
(8821, 32, 182, '0'),
(8822, 32, 183, '1827'),
(8823, 32, 184, 'Так'),
(8824, 33, 1, '100'),
(8825, 33, 2, '50'),
(8826, 33, 3, '50'),
(8827, 33, 4, '0'),
(8828, 33, 5, '1'),
(8829, 33, 6, '0'),
(8830, 33, 7, '1'),
(8831, 33, 8, '0'),
(8832, 33, 9, '0'),
(8833, 33, 10, '1'),
(8834, 33, 11, '0'),
(8835, 33, 12, '1'),
(8836, 33, 13, '0'),
(8837, 33, 14, '1'),
(8838, 33, 15, '0'),
(8839, 33, 16, '0'),
(8840, 33, 17, '10'),
(8841, 33, 18, '0'),
(8842, 33, 19, '0'),
(8843, 33, 20, '0'),
(8844, 33, 21, '2'),
(8845, 33, 22, '2'),
(8846, 33, 23, '2'),
(8847, 33, 24, '2'),
(8848, 33, 25, '0'),
(8849, 33, 26, '1'),
(8850, 33, 27, '1'),
(8851, 33, 28, '0'),
(8852, 33, 29, '0'),
(8853, 33, 30, '0'),
(8854, 33, 31, '185'),
(8855, 33, 32, '561'),
(8856, 33, 33, '0'),
(8857, 33, 34, '561'),
(8858, 33, 35, '52'),
(8859, 33, 36, '104'),
(8860, 33, 37, '79'),
(8861, 33, 38, '91'),
(8862, 33, 39, '163'),
(8863, 33, 40, '72'),
(8864, 33, 41, '1086'),
(8865, 33, 42, '648'),
(8866, 33, 43, '15'),
(8867, 33, 44, '5'),
(8868, 33, 45, '308'),
(8869, 33, 46, '340'),
(8870, 33, 47, '0'),
(8871, 33, 48, '0'),
(8872, 33, 49, '0'),
(8873, 33, 50, 'від 31 до 40 включно'),
(8874, 33, 51, '69'),
(8875, 33, 52, '64'),
(8876, 33, 53, '5'),
(8877, 33, 54, '0'),
(8878, 33, 55, '0'),
(8879, 33, 56, '0'),
(8880, 33, 57, '52'),
(8881, 33, 58, '17'),
(8882, 33, 59, '0'),
(8883, 33, 60, '0'),
(8884, 33, 61, '0'),
(8885, 33, 62, '0'),
(8886, 33, 63, '0'),
(8887, 33, 64, '69'),
(8888, 33, 65, '818'),
(8889, 33, 66, '800'),
(8890, 33, 67, '18'),
(8891, 33, 68, '0'),
(8892, 33, 69, '0'),
(8893, 33, 70, '0'),
(8894, 33, 71, '772'),
(8895, 33, 72, '46'),
(8896, 33, 73, '0'),
(8897, 33, 74, '0'),
(8898, 33, 75, '9833'),
(8899, 33, 76, '9766'),
(8900, 33, 77, '67'),
(8901, 33, 78, '0'),
(8902, 33, 79, '0'),
(8903, 33, 80, '0'),
(8904, 33, 81, '6307'),
(8905, 33, 82, '3509'),
(8906, 33, 83, '0'),
(8907, 33, 84, '17'),
(8908, 33, 85, '0'),
(8909, 33, 86, '0'),
(8910, 33, 87, '0'),
(8911, 33, 88, '3712'),
(8912, 33, 89, '3368'),
(8913, 33, 90, '344'),
(8914, 33, 91, '0'),
(8915, 33, 92, '0'),
(8916, 33, 93, '0'),
(8917, 33, 94, '3407'),
(8918, 33, 95, '305'),
(8919, 33, 96, '0'),
(8920, 33, 97, '0'),
(8921, 33, 98, '1486'),
(8922, 33, 99, '1405'),
(8923, 33, 100, '81'),
(8924, 33, 101, '0'),
(8925, 33, 102, '0'),
(8926, 33, 103, '0'),
(8927, 33, 104, '1409'),
(8928, 33, 105, '77'),
(8929, 33, 106, '0'),
(8930, 33, 107, '0'),
(8931, 33, 108, '0'),
(8932, 33, 109, '0 '),
(8933, 33, 110, '0'),
(8934, 33, 111, '0'),
(8935, 33, 112, '0'),
(8936, 33, 113, '0'),
(8937, 33, 114, '0'),
(8938, 33, 115, '0'),
(8939, 33, 116, '0'),
(8940, 33, 117, ''),
(8941, 33, 118, ''),
(8942, 33, 119, '0'),
(8943, 33, 120, '0'),
(8944, 33, 121, '0'),
(8945, 33, 122, '0'),
(8946, 33, 123, '1'),
(8947, 33, 124, '1'),
(8948, 33, 125, '1'),
(8949, 33, 126, '0'),
(8950, 33, 127, '0'),
(8951, 33, 128, '0'),
(8952, 33, 129, '1'),
(8953, 33, 130, '0'),
(8954, 33, 131, '0'),
(8955, 33, 132, '0'),
(8956, 33, 133, '1'),
(8957, 33, 134, '0'),
(8958, 33, 135, '0'),
(8959, 33, 136, '0'),
(8960, 33, 137, '1'),
(8961, 33, 138, '0'),
(8962, 33, 139, '0'),
(8963, 33, 140, '0'),
(8964, 33, 141, '0'),
(8965, 33, 142, '0'),
(8966, 33, 143, '0'),
(8967, 33, 144, '0'),
(8968, 33, 145, '0'),
(8969, 33, 146, '0'),
(8970, 33, 147, '0'),
(8971, 33, 148, '0'),
(8972, 33, 149, '0'),
(8973, 33, 150, '0'),
(8974, 33, 151, '0'),
(8975, 33, 152, '0'),
(8976, 33, 153, '0'),
(8977, 33, 154, '0'),
(8978, 33, 155, '0'),
(8979, 33, 156, '0'),
(8980, 33, 157, '0'),
(8981, 33, 158, '0'),
(8982, 33, 159, '0'),
(8983, 33, 160, '0'),
(8984, 33, 161, '0'),
(8985, 33, 162, 'поза групою'),
(8986, 33, 163, '0'),
(8987, 33, 175, '0'),
(8988, 33, 176, '0'),
(8989, 33, 177, '0'),
(8990, 33, 178, 'Так'),
(8991, 33, 179, '0'),
(8992, 33, 180, '0'),
(8993, 33, 181, '0'),
(8994, 33, 182, '0'),
(8995, 33, 183, '1827'),
(8996, 33, 184, 'Так'),
(8997, 34, 1, '18'),
(8998, 34, 2, '0'),
(8999, 34, 3, '18'),
(9000, 34, 4, '0'),
(9001, 34, 5, '1'),
(9002, 34, 6, '0'),
(9003, 34, 7, '1'),
(9004, 34, 8, '0'),
(9005, 34, 9, '0'),
(9006, 34, 10, '1'),
(9007, 34, 11, '0'),
(9008, 34, 12, '1'),
(9009, 34, 13, '0'),
(9010, 34, 14, '1'),
(9011, 34, 15, '0'),
(9012, 34, 16, '0'),
(9013, 34, 17, '0'),
(9014, 34, 18, '0'),
(9015, 34, 19, '0'),
(9016, 34, 20, '0'),
(9017, 34, 21, '0'),
(9018, 34, 22, '0'),
(9019, 34, 23, '0'),
(9020, 34, 24, '0'),
(9021, 34, 25, '0'),
(9022, 34, 26, '0'),
(9023, 34, 27, '0'),
(9024, 34, 28, '0'),
(9025, 34, 29, '0'),
(9026, 34, 30, '0'),
(9027, 34, 31, '372'),
(9028, 34, 32, '250'),
(9029, 34, 33, '0'),
(9030, 34, 34, '250'),
(9031, 34, 35, '4'),
(9032, 34, 36, '51'),
(9033, 34, 37, '24'),
(9034, 34, 38, '61'),
(9035, 34, 39, '97'),
(9036, 34, 40, '13'),
(9037, 34, 41, '715'),
(9038, 34, 42, '51'),
(9039, 34, 43, '8'),
(9040, 34, 44, '0'),
(9041, 34, 45, '51'),
(9042, 34, 46, '0'),
(9043, 34, 47, '0'),
(9044, 34, 48, '0'),
(9045, 34, 49, '0'),
(9046, 34, 50, 'від 31 до 40 включно'),
(9047, 34, 51, '66'),
(9048, 34, 52, '59'),
(9049, 34, 53, '7'),
(9050, 34, 54, '0'),
(9051, 34, 55, '0'),
(9052, 34, 56, '0'),
(9053, 34, 57, '57'),
(9054, 34, 58, '9'),
(9055, 34, 59, '0'),
(9056, 34, 60, '0'),
(9057, 34, 61, '0'),
(9058, 34, 62, '0'),
(9059, 34, 63, '0'),
(9060, 34, 64, '66'),
(9061, 34, 65, '910'),
(9062, 34, 66, '900'),
(9063, 34, 67, '10'),
(9064, 34, 68, '0'),
(9065, 34, 69, '0'),
(9066, 34, 70, '0'),
(9067, 34, 71, '281'),
(9068, 34, 72, '629'),
(9069, 34, 73, '0'),
(9070, 34, 74, '0'),
(9071, 34, 75, '4215'),
(9072, 34, 76, '4198'),
(9073, 34, 77, '17'),
(9074, 34, 78, '0'),
(9075, 34, 79, '0'),
(9076, 34, 80, '0'),
(9077, 34, 81, '2468'),
(9078, 34, 82, '1738'),
(9079, 34, 83, '0'),
(9080, 34, 84, '9'),
(9081, 34, 85, '0'),
(9082, 34, 86, '0'),
(9083, 34, 87, '0'),
(9084, 34, 88, '4387'),
(9085, 34, 89, '4387'),
(9086, 34, 90, '0'),
(9087, 34, 91, '0'),
(9088, 34, 92, '0'),
(9089, 34, 93, '0'),
(9090, 34, 94, '2758'),
(9091, 34, 95, '1629'),
(9092, 34, 96, '0'),
(9093, 34, 97, '0'),
(9094, 34, 98, '722'),
(9095, 34, 99, '722'),
(9096, 34, 100, '0'),
(9097, 34, 101, '0'),
(9098, 34, 102, '0'),
(9099, 34, 103, '0'),
(9100, 34, 104, '526'),
(9101, 34, 105, '196'),
(9102, 34, 106, '0'),
(9103, 34, 107, '0'),
(9104, 34, 108, '0'),
(9105, 34, 109, ' 0 '),
(9106, 34, 110, '0'),
(9107, 34, 111, '0'),
(9108, 34, 112, '0'),
(9109, 34, 113, '0'),
(9110, 34, 114, '0'),
(9111, 34, 115, '0'),
(9112, 34, 116, '0'),
(9113, 34, 117, ''),
(9114, 34, 118, ''),
(9115, 34, 119, '0'),
(9116, 34, 120, '0'),
(9117, 34, 121, '0'),
(9118, 34, 122, '0'),
(9119, 34, 123, '1'),
(9120, 34, 124, '1'),
(9121, 34, 125, '1'),
(9122, 34, 126, '0'),
(9123, 34, 127, '0'),
(9124, 34, 128, '0'),
(9125, 34, 129, '0'),
(9126, 34, 130, '0'),
(9127, 34, 131, '0'),
(9128, 34, 132, '1'),
(9129, 34, 133, '1'),
(9130, 34, 134, '0'),
(9131, 34, 135, '0'),
(9132, 34, 136, '0'),
(9133, 34, 137, '1'),
(9134, 34, 138, '0'),
(9135, 34, 139, '0'),
(9136, 34, 140, '0'),
(9137, 34, 141, '0'),
(9138, 34, 142, '0'),
(9139, 34, 143, '0'),
(9140, 34, 144, '0'),
(9141, 34, 145, '0'),
(9142, 34, 146, '0'),
(9143, 34, 147, '0'),
(9144, 34, 148, '0'),
(9145, 34, 149, '0'),
(9146, 34, 150, '0'),
(9147, 34, 151, '0'),
(9148, 34, 152, '0'),
(9149, 34, 153, '0'),
(9150, 34, 154, '0'),
(9151, 34, 155, '0'),
(9152, 34, 156, '0'),
(9153, 34, 157, '0'),
(9154, 34, 158, '0'),
(9155, 34, 159, '0'),
(9156, 34, 160, '0'),
(9157, 34, 161, '0'),
(9158, 34, 162, 'поза групою'),
(9159, 34, 163, '0'),
(9160, 34, 175, '00'),
(9161, 34, 176, '0'),
(9162, 34, 177, '0'),
(9163, 34, 178, 'Ні'),
(9164, 34, 179, '0'),
(9165, 34, 180, '0'),
(9166, 34, 181, '0'),
(9167, 34, 182, '0'),
(9168, 34, 183, '1827'),
(9169, 34, 184, 'Так'),
(9170, 35, 1, '50'),
(9171, 35, 2, '15'),
(9172, 35, 3, '35'),
(9173, 35, 4, '0'),
(9174, 35, 5, '1'),
(9175, 35, 6, '0'),
(9176, 35, 7, '1'),
(9177, 35, 8, '0'),
(9178, 35, 9, '0'),
(9179, 35, 10, '1'),
(9180, 35, 11, '0'),
(9181, 35, 12, '1'),
(9182, 35, 13, '0'),
(9183, 35, 14, '1'),
(9184, 35, 15, '0'),
(9185, 35, 16, '0'),
(9186, 35, 17, '16'),
(9187, 35, 18, '0'),
(9188, 35, 19, '0'),
(9189, 35, 20, '0'),
(9190, 35, 21, '1'),
(9191, 35, 22, '1'),
(9192, 35, 23, '1'),
(9193, 35, 24, '1'),
(9194, 35, 25, '0'),
(9195, 35, 26, '1'),
(9196, 35, 27, '0'),
(9197, 35, 28, '0'),
(9198, 35, 29, '0'),
(9199, 35, 30, '0'),
(9200, 35, 31, '1100'),
(9201, 35, 32, '503'),
(9202, 35, 33, '0'),
(9203, 35, 34, '503'),
(9204, 35, 35, '20'),
(9205, 35, 36, '81'),
(9206, 35, 37, '21'),
(9207, 35, 38, '43'),
(9208, 35, 39, '228'),
(9209, 35, 40, '110'),
(9210, 35, 41, '3007'),
(9211, 35, 42, '550'),
(9212, 35, 43, '41'),
(9213, 35, 44, '6'),
(9214, 35, 45, '400'),
(9215, 35, 46, '150'),
(9216, 35, 47, '0'),
(9217, 35, 48, '0'),
(9218, 35, 49, '0'),
(9219, 35, 50, 'від 31 до 40 включно'),
(9220, 35, 51, '88'),
(9221, 35, 52, '75'),
(9222, 35, 53, '13'),
(9223, 35, 54, '0'),
(9224, 35, 55, '0'),
(9225, 35, 56, '0'),
(9226, 35, 57, '73'),
(9227, 35, 58, '0'),
(9228, 35, 59, '0'),
(9229, 35, 60, '15'),
(9230, 35, 61, '0'),
(9231, 35, 62, '0'),
(9232, 35, 63, '0'),
(9233, 35, 64, '88'),
(9234, 35, 65, '356'),
(9235, 35, 66, '300'),
(9236, 35, 67, '56'),
(9237, 35, 68, '0'),
(9238, 35, 69, '0'),
(9239, 35, 70, '0'),
(9240, 35, 71, '226'),
(9241, 35, 72, '130'),
(9242, 35, 73, '0'),
(9243, 35, 74, '0'),
(9244, 35, 75, '8573'),
(9245, 35, 76, '8493'),
(9246, 35, 77, '80'),
(9247, 35, 78, '0'),
(9248, 35, 79, '0'),
(9249, 35, 80, '0'),
(9250, 35, 81, '4909'),
(9251, 35, 82, '3648'),
(9252, 35, 83, '1'),
(9253, 35, 84, '15'),
(9254, 35, 85, '0'),
(9255, 35, 86, '0'),
(9256, 35, 87, '0'),
(9257, 35, 88, '8281'),
(9258, 35, 89, '7816'),
(9259, 35, 90, '465'),
(9260, 35, 91, '0'),
(9261, 35, 92, '0'),
(9262, 35, 93, '0'),
(9263, 35, 94, '6003'),
(9264, 35, 95, '2278'),
(9265, 35, 96, '0'),
(9266, 35, 97, '0'),
(9267, 35, 98, '2060'),
(9268, 35, 99, '1991'),
(9269, 35, 100, '69'),
(9270, 35, 101, '0'),
(9271, 35, 102, '0'),
(9272, 35, 103, '0'),
(9273, 35, 104, '1719'),
(9274, 35, 105, '341'),
(9275, 35, 106, '0'),
(9276, 35, 107, '0'),
(9277, 35, 108, '0'),
(9278, 35, 109, '0 '),
(9279, 35, 110, '0'),
(9280, 35, 111, '0'),
(9281, 35, 112, '0'),
(9282, 35, 113, '0'),
(9283, 35, 114, '0'),
(9284, 35, 115, '0'),
(9285, 35, 116, '0'),
(9286, 35, 117, ''),
(9287, 35, 118, ''),
(9288, 35, 119, '0'),
(9289, 35, 120, '0'),
(9290, 35, 121, '0'),
(9291, 35, 122, '0'),
(9292, 35, 123, '1'),
(9293, 35, 124, '1'),
(9294, 35, 125, '0'),
(9295, 35, 126, '0'),
(9296, 35, 127, '1'),
(9297, 35, 128, '1'),
(9298, 35, 129, '0'),
(9299, 35, 130, '0'),
(9300, 35, 131, '1'),
(9301, 35, 132, '0'),
(9302, 35, 133, '0'),
(9303, 35, 134, '0'),
(9304, 35, 135, '1'),
(9305, 35, 136, '0'),
(9306, 35, 137, '1'),
(9307, 35, 138, '0'),
(9308, 35, 139, '0'),
(9309, 35, 140, '0'),
(9310, 35, 141, '0'),
(9311, 35, 142, '0'),
(9312, 35, 143, '0'),
(9313, 35, 144, '0'),
(9314, 35, 145, '0'),
(9315, 35, 146, '0'),
(9316, 35, 147, '0'),
(9317, 35, 148, '0'),
(9318, 35, 149, '0'),
(9319, 35, 150, '0'),
(9320, 35, 151, '0'),
(9321, 35, 152, '0'),
(9322, 35, 153, '0'),
(9323, 35, 154, '0'),
(9324, 35, 155, '0'),
(9325, 35, 156, '0'),
(9326, 35, 157, '0'),
(9327, 35, 158, '0'),
(9328, 35, 159, '0'),
(9329, 35, 160, '0'),
(9330, 35, 161, '0'),
(9331, 35, 162, 'поза групою'),
(9332, 35, 163, '0'),
(9333, 35, 175, '0'),
(9334, 35, 176, '0'),
(9335, 35, 177, '0'),
(9336, 35, 178, 'Так'),
(9337, 35, 179, '0'),
(9338, 35, 180, '0'),
(9339, 35, 181, '0'),
(9340, 35, 182, '0'),
(9341, 35, 183, '1827'),
(9342, 35, 184, 'Так'),
(9343, 36, 1, '50'),
(9344, 36, 2, '30'),
(9345, 36, 3, '20'),
(9346, 36, 4, '0'),
(9347, 36, 5, '1'),
(9348, 36, 6, '0'),
(9349, 36, 7, '1'),
(9350, 36, 8, '0'),
(9351, 36, 9, '0'),
(9352, 36, 10, '0'),
(9353, 36, 11, '1'),
(9354, 36, 12, '1'),
(9355, 36, 13, '0'),
(9356, 36, 14, '1'),
(9357, 36, 15, '0'),
(9358, 36, 16, '0'),
(9359, 36, 17, '15'),
(9360, 36, 18, '0'),
(9361, 36, 19, '0'),
(9362, 36, 20, '0'),
(9363, 36, 21, '0'),
(9364, 36, 22, '0'),
(9365, 36, 23, '0'),
(9366, 36, 24, '0'),
(9367, 36, 25, '0'),
(9368, 36, 26, '0'),
(9369, 36, 27, '0'),
(9370, 36, 28, '0'),
(9371, 36, 29, '0'),
(9372, 36, 30, '0'),
(9373, 36, 31, '605'),
(9374, 36, 32, '508'),
(9375, 36, 33, '0'),
(9376, 36, 34, '508'),
(9377, 36, 35, '0'),
(9378, 36, 36, '49'),
(9379, 36, 37, '21'),
(9380, 36, 38, '37'),
(9381, 36, 39, '287'),
(9382, 36, 40, '114'),
(9383, 36, 41, '3469'),
(9384, 36, 42, '403'),
(9385, 36, 43, '39'),
(9386, 36, 44, '5'),
(9387, 36, 45, '345'),
(9388, 36, 46, '58'),
(9389, 36, 47, '0'),
(9390, 36, 48, '0'),
(9391, 36, 49, '0'),
(9392, 36, 50, 'від 31 до 40 включно'),
(9393, 36, 51, '54'),
(9394, 36, 52, '46'),
(9395, 36, 53, '8'),
(9396, 36, 54, '0'),
(9397, 36, 55, '0'),
(9398, 36, 56, '0'),
(9399, 36, 57, '44'),
(9400, 36, 58, '0'),
(9401, 36, 59, '0'),
(9402, 36, 60, '10'),
(9403, 36, 61, '0'),
(9404, 36, 62, '0'),
(9405, 36, 63, '0'),
(9406, 36, 64, '54'),
(9407, 36, 65, '1131'),
(9408, 36, 66, '1124'),
(9409, 36, 67, '7'),
(9410, 36, 68, '0'),
(9411, 36, 69, '0'),
(9412, 36, 70, '0'),
(9413, 36, 71, '745'),
(9414, 36, 72, '386'),
(9415, 36, 73, '0'),
(9416, 36, 74, '0'),
(9417, 36, 75, '4085'),
(9418, 36, 76, '4045'),
(9419, 36, 77, '40'),
(9420, 36, 78, '0'),
(9421, 36, 79, '0'),
(9422, 36, 80, '0'),
(9423, 36, 81, '2840'),
(9424, 36, 82, '1235'),
(9425, 36, 83, '0'),
(9426, 36, 84, '10'),
(9427, 36, 85, '0'),
(9428, 36, 86, '0'),
(9429, 36, 87, '0'),
(9430, 36, 88, '7182'),
(9431, 36, 89, '6765'),
(9432, 36, 90, '417'),
(9433, 36, 91, '0'),
(9434, 36, 92, '0'),
(9435, 36, 93, '0'),
(9436, 36, 94, '4796'),
(9437, 36, 95, '2386'),
(9438, 36, 96, '0'),
(9439, 36, 97, '0'),
(9440, 36, 98, '1802'),
(9441, 36, 99, '1665'),
(9442, 36, 100, '137'),
(9443, 36, 101, '00'),
(9444, 36, 102, '0'),
(9445, 36, 103, '0'),
(9446, 36, 104, '1198'),
(9447, 36, 105, '604'),
(9448, 36, 106, '0'),
(9449, 36, 107, '0'),
(9450, 36, 108, '0'),
(9451, 36, 109, ' 0 '),
(9452, 36, 110, '0'),
(9453, 36, 111, '0'),
(9454, 36, 112, '0'),
(9455, 36, 113, '0'),
(9456, 36, 114, '0'),
(9457, 36, 115, '0'),
(9458, 36, 116, '0'),
(9459, 36, 117, ''),
(9460, 36, 118, ''),
(9461, 36, 119, '8'),
(9462, 36, 120, '0'),
(9463, 36, 121, '24'),
(9464, 36, 122, '1'),
(9465, 36, 123, '1'),
(9466, 36, 124, '1'),
(9467, 36, 125, '0'),
(9468, 36, 126, '0'),
(9469, 36, 127, '1'),
(9470, 36, 128, '0'),
(9471, 36, 129, '0'),
(9472, 36, 130, '0'),
(9473, 36, 131, '1'),
(9474, 36, 132, '0'),
(9475, 36, 133, '0'),
(9476, 36, 134, '0'),
(9477, 36, 135, '1'),
(9478, 36, 136, '0'),
(9479, 36, 137, '1'),
(9480, 36, 138, '0'),
(9481, 36, 139, '0'),
(9482, 36, 140, '0'),
(9483, 36, 141, '0'),
(9484, 36, 142, '0'),
(9485, 36, 143, '0'),
(9486, 36, 144, '0'),
(9487, 36, 145, '0'),
(9488, 36, 146, '0'),
(9489, 36, 147, '0'),
(9490, 36, 148, '0'),
(9491, 36, 149, '0'),
(9492, 36, 150, '0'),
(9493, 36, 151, '0'),
(9494, 36, 152, '0'),
(9495, 36, 153, '0'),
(9496, 36, 154, '0'),
(9497, 36, 155, '0'),
(9498, 36, 156, '0'),
(9499, 36, 157, '0'),
(9500, 36, 158, '0'),
(9501, 36, 159, '0'),
(9502, 36, 160, '0'),
(9503, 36, 161, '0'),
(9504, 36, 162, 'поза групою'),
(9505, 36, 163, '1'),
(9506, 36, 175, '0'),
(9507, 36, 176, '0'),
(9508, 36, 177, '0'),
(9509, 36, 178, 'Ні'),
(9510, 36, 179, '0'),
(9511, 36, 180, '0'),
(9512, 36, 181, '0'),
(9513, 36, 182, '0'),
(9514, 36, 183, '1827'),
(9515, 36, 184, 'Так'),
(9516, 37, 1, '48'),
(9517, 37, 2, '40'),
(9518, 37, 3, '8'),
(9519, 37, 4, '0'),
(9520, 37, 5, '1'),
(9521, 37, 6, '0'),
(9522, 37, 7, '1'),
(9523, 37, 8, '0'),
(9524, 37, 9, '0'),
(9525, 37, 10, '1'),
(9526, 37, 11, '0'),
(9527, 37, 12, '1'),
(9528, 37, 13, '0'),
(9529, 37, 14, '1'),
(9530, 37, 15, '0'),
(9531, 37, 16, '0'),
(9532, 37, 17, '8'),
(9533, 37, 18, '0'),
(9534, 37, 19, '0'),
(9535, 37, 20, '1'),
(9536, 37, 21, '2'),
(9537, 37, 22, '2'),
(9538, 37, 23, '2'),
(9539, 37, 24, '2'),
(9540, 37, 25, '0'),
(9541, 37, 26, '1'),
(9542, 37, 27, '3'),
(9543, 37, 28, '0'),
(9544, 37, 29, '0'),
(9545, 37, 30, '0'),
(9546, 37, 31, '1356'),
(9547, 37, 32, '504'),
(9548, 37, 33, '0'),
(9549, 37, 34, '504'),
(9550, 37, 35, '0'),
(9551, 37, 36, '117'),
(9552, 37, 37, '48'),
(9553, 37, 38, '43'),
(9554, 37, 39, '278'),
(9555, 37, 40, '18'),
(9556, 37, 41, '2480'),
(9557, 37, 42, '850'),
(9558, 37, 43, '46'),
(9559, 37, 44, '12'),
(9560, 37, 45, '231'),
(9561, 37, 46, '619'),
(9562, 37, 47, '0'),
(9563, 37, 48, '0'),
(9564, 37, 49, '90'),
(9565, 37, 50, 'від 31 до 40 включно'),
(9566, 37, 51, '66'),
(9567, 37, 52, '62'),
(9568, 37, 53, '4'),
(9569, 37, 54, '0'),
(9570, 37, 55, '0'),
(9571, 37, 56, '0'),
(9572, 37, 57, '52'),
(9573, 37, 58, '0'),
(9574, 37, 59, '0'),
(9575, 37, 60, '14'),
(9576, 37, 61, '0'),
(9577, 37, 62, '0'),
(9578, 37, 63, '0'),
(9579, 37, 64, '66'),
(9580, 37, 65, '0'),
(9581, 37, 66, '0'),
(9582, 37, 67, '0'),
(9583, 37, 68, '0'),
(9584, 37, 69, '0'),
(9585, 37, 70, '0'),
(9586, 37, 71, '0'),
(9587, 37, 72, '0'),
(9588, 37, 73, '0'),
(9589, 37, 74, '0'),
(9590, 37, 75, '3849'),
(9591, 37, 76, '3845'),
(9592, 37, 77, '4'),
(9593, 37, 78, '0'),
(9594, 37, 79, '0'),
(9595, 37, 80, '0'),
(9596, 37, 81, '1247'),
(9597, 37, 82, '2588'),
(9598, 37, 83, '0'),
(9599, 37, 84, '14'),
(9600, 37, 85, '0'),
(9601, 37, 86, '0'),
(9602, 37, 87, '0'),
(9603, 37, 88, '10011'),
(9604, 37, 89, '8687'),
(9605, 37, 90, '1324'),
(9606, 37, 91, '0'),
(9607, 37, 92, '0'),
(9608, 37, 93, '0'),
(9609, 37, 94, '9929'),
(9610, 37, 95, '82'),
(9611, 37, 96, '0'),
(9612, 37, 97, '0'),
(9613, 37, 98, '4857'),
(9614, 37, 99, '3692'),
(9615, 37, 100, '1165'),
(9616, 37, 101, '0'),
(9617, 37, 102, '0'),
(9618, 37, 103, '0'),
(9619, 37, 104, '4818'),
(9620, 37, 105, '39'),
(9621, 37, 106, '0'),
(9622, 37, 107, '0'),
(9623, 37, 108, '0'),
(9624, 37, 109, ' 0 '),
(9625, 37, 110, '0'),
(9626, 37, 111, '0'),
(9627, 37, 112, '0'),
(9628, 37, 113, '0'),
(9629, 37, 114, '0'),
(9630, 37, 115, '0'),
(9631, 37, 116, '0'),
(9632, 37, 117, ''),
(9633, 37, 118, ''),
(9634, 37, 119, '0'),
(9635, 37, 120, '0'),
(9636, 37, 121, '0'),
(9637, 37, 122, '0'),
(9638, 37, 123, '1'),
(9639, 37, 124, '1'),
(9640, 37, 125, '0'),
(9641, 37, 126, '0'),
(9642, 37, 127, '1'),
(9643, 37, 128, '1'),
(9644, 37, 129, '0'),
(9645, 37, 130, '1'),
(9646, 37, 131, '0'),
(9647, 37, 132, '0'),
(9648, 37, 133, '0'),
(9649, 37, 134, '0'),
(9650, 37, 135, '1'),
(9651, 37, 136, '0'),
(9652, 37, 137, '1'),
(9653, 37, 138, '0'),
(9654, 37, 139, '0'),
(9655, 37, 140, '0'),
(9656, 37, 141, '0'),
(9657, 37, 142, '0'),
(9658, 37, 143, '0'),
(9659, 37, 144, '0'),
(9660, 37, 145, '0'),
(9661, 37, 146, '0'),
(9662, 37, 147, '0'),
(9663, 37, 148, '0'),
(9664, 37, 149, '0'),
(9665, 37, 150, '0'),
(9666, 37, 151, '0'),
(9667, 37, 152, '0'),
(9668, 37, 153, '0'),
(9669, 37, 154, '0'),
(9670, 37, 155, '0'),
(9671, 37, 156, '0'),
(9672, 37, 157, '0'),
(9673, 37, 158, '0'),
(9674, 37, 159, '0'),
(9675, 37, 160, '0'),
(9676, 37, 161, '0'),
(9677, 37, 162, 'поза групою'),
(9678, 37, 163, '0'),
(9679, 37, 175, '0'),
(9680, 37, 176, '0'),
(9681, 37, 177, '0'),
(9682, 37, 178, 'Так'),
(9683, 37, 179, '0'),
(9684, 37, 180, '0'),
(9685, 37, 181, '0'),
(9686, 37, 182, '0'),
(9687, 37, 183, '1827'),
(9688, 37, 184, 'Так'),
(9689, 38, 1, '45.2'),
(9690, 38, 2, '18.6'),
(9691, 38, 3, '26.6'),
(9692, 38, 4, '1'),
(9693, 38, 5, '1'),
(9694, 38, 6, '0'),
(9695, 38, 7, '1'),
(9696, 38, 8, '0'),
(9697, 38, 9, '0'),
(9698, 38, 10, '0'),
(9699, 38, 11, '1'),
(9700, 38, 12, '1'),
(9701, 38, 13, '0'),
(9702, 38, 14, '1'),
(9703, 38, 15, '0'),
(9704, 38, 16, '1'),
(9705, 38, 17, '28'),
(9706, 38, 18, '0'),
(9707, 38, 19, '0'),
(9708, 38, 20, '2'),
(9709, 38, 21, '6'),
(9710, 38, 22, '5'),
(9711, 38, 23, '6'),
(9712, 38, 24, '5'),
(9713, 38, 25, '0'),
(9714, 38, 26, '3'),
(9715, 38, 27, '6'),
(9716, 38, 28, '0'),
(9717, 38, 29, '0'),
(9718, 38, 30, '0'),
(9719, 38, 31, '742'),
(9720, 38, 32, '581'),
(9721, 38, 33, '0'),
(9722, 38, 34, '581'),
(9723, 38, 35, '3'),
(9724, 38, 36, '83'),
(9725, 38, 37, '26'),
(9726, 38, 38, '40'),
(9727, 38, 39, '377'),
(9728, 38, 40, '52'),
(9729, 38, 41, '6733'),
(9730, 38, 42, '630'),
(9731, 38, 43, '8'),
(9732, 38, 44, '25'),
(9733, 38, 45, '110'),
(9734, 38, 46, '520'),
(9735, 38, 47, '3'),
(9736, 38, 48, '15'),
(9737, 38, 49, '2736'),
(9738, 38, 50, 'від 31 до 40 включно'),
(9739, 38, 51, '212'),
(9740, 38, 52, '112'),
(9741, 38, 53, '100'),
(9742, 38, 54, '0'),
(9743, 38, 55, '0'),
(9744, 38, 56, '0'),
(9745, 38, 57, '180'),
(9746, 38, 58, '23'),
(9747, 38, 59, '0'),
(9748, 38, 60, '9'),
(9749, 38, 61, '0'),
(9750, 38, 62, '0'),
(9751, 38, 63, '0'),
(9752, 38, 64, '212'),
(9753, 38, 65, '399'),
(9754, 38, 66, '267'),
(9755, 38, 67, '132'),
(9756, 38, 68, '0'),
(9757, 38, 69, '0'),
(9758, 38, 70, '0'),
(9759, 38, 71, '272'),
(9760, 38, 72, '127'),
(9761, 38, 73, '0'),
(9762, 38, 74, '0'),
(9763, 38, 75, '5867'),
(9764, 38, 76, '5592'),
(9765, 38, 77, '265'),
(9766, 38, 78, '10'),
(9767, 38, 79, '0'),
(9768, 38, 80, '0'),
(9769, 38, 81, '3670'),
(9770, 38, 82, '2184'),
(9771, 38, 83, '4'),
(9772, 38, 84, '9'),
(9773, 38, 85, '0'),
(9774, 38, 86, '0'),
(9775, 38, 87, '0'),
(9776, 38, 88, '10011'),
(9777, 38, 89, '8352'),
(9778, 38, 90, '1659'),
(9779, 38, 91, '0'),
(9780, 38, 92, '0'),
(9781, 38, 93, '0'),
(9782, 38, 94, '6924'),
(9783, 38, 95, '3087'),
(9784, 38, 96, '0'),
(9785, 38, 97, '0'),
(9786, 38, 98, '3401'),
(9787, 38, 99, '2667'),
(9788, 38, 100, '734'),
(9789, 38, 101, '0'),
(9790, 38, 102, '0'),
(9791, 38, 103, '0'),
(9792, 38, 104, '2962'),
(9793, 38, 105, '439'),
(9794, 38, 106, '0'),
(9795, 38, 107, '0'),
(9796, 38, 108, '2'),
(9797, 38, 109, '   '),
(9798, 38, 110, '4560'),
(9799, 38, 111, '2'),
(9800, 38, 112, '0'),
(9801, 38, 113, '0'),
(9802, 38, 114, '0'),
(9803, 38, 115, '0'),
(9804, 38, 116, '0'),
(9805, 38, 117, ''),
(9806, 38, 118, ''),
(9807, 38, 119, '82'),
(9808, 38, 120, '0'),
(9809, 38, 121, '0'),
(9810, 38, 122, '0'),
(9811, 38, 123, '1'),
(9812, 38, 124, '1'),
(9813, 38, 125, '0'),
(9814, 38, 126, '0'),
(9815, 38, 127, '1'),
(9816, 38, 128, '1'),
(9817, 38, 129, '0'),
(9818, 38, 130, '0'),
(9819, 38, 131, '1'),
(9820, 38, 132, '0'),
(9821, 38, 133, '0'),
(9822, 38, 134, '0'),
(9823, 38, 135, '0'),
(9824, 38, 136, '1'),
(9825, 38, 137, '1'),
(9826, 38, 138, '0'),
(9827, 38, 139, '0'),
(9828, 38, 140, '0'),
(9829, 38, 141, '0'),
(9830, 38, 142, '0'),
(9831, 38, 143, '0'),
(9832, 38, 144, '0'),
(9833, 38, 145, '0'),
(9834, 38, 146, '0'),
(9835, 38, 147, '0'),
(9836, 38, 148, '0'),
(9837, 38, 149, '0'),
(9838, 38, 150, '0'),
(9839, 38, 151, '0'),
(9840, 38, 152, '0'),
(9841, 38, 153, '0'),
(9842, 38, 154, '0'),
(9843, 38, 155, '0'),
(9844, 38, 156, '0'),
(9845, 38, 157, '0'),
(9846, 38, 158, '0'),
(9847, 38, 159, '0'),
(9848, 38, 160, '0'),
(9849, 38, 161, '0'),
(9850, 38, 162, 'поза групою'),
(9851, 38, 163, '0'),
(9852, 38, 175, '0'),
(9853, 38, 176, '0'),
(9854, 38, 177, '0'),
(9855, 38, 178, 'Так'),
(9856, 38, 179, '0'),
(9857, 38, 180, '0'),
(9858, 38, 181, '0'),
(9859, 38, 182, '0'),
(9860, 38, 183, '1827'),
(9861, 38, 184, 'Так');

-- --------------------------------------------------------

--
-- Структура таблицы `document_status`
--

CREATE TABLE `document_status` (
  `ds_id` int(11) NOT NULL,
  `ds_name` varchar(40) NOT NULL,
  `ds_class` varchar(100) NOT NULL
) ENGINE=InnoDB DEFAULT CHARSET=utf8;

--
-- Дамп данных таблицы `document_status`
--

INSERT INTO `document_status` (`ds_id`, `ds_name`, `ds_class`) VALUES
(1, 'Новий', 'class=\"btn-info\"'),
(2, 'Заповнюється', 'class=\"btn-secondary\"'),
(3, 'Надісланий', 'class=\"btn-warning\"'),
(4, 'Повернутий', 'class=\"btn-danger\"'),
(5, 'Принятий', 'class=\"btn-success\"');

-- --------------------------------------------------------

--
-- Структура таблицы `document_status_log`
--

CREATE TABLE `document_status_log` (
  `dsl_id` int(11) NOT NULL,
  `dsl_doc` int(11) NOT NULL,
  `dsl_user` int(11) NOT NULL,
  `dsl_status` int(11) NOT NULL,
  `dsl_date` datetime DEFAULT NULL
) ENGINE=InnoDB DEFAULT CHARSET=utf8;

--
-- Дамп данных таблицы `document_status_log`
--

INSERT INTO `document_status_log` (`dsl_id`, `dsl_doc`, `dsl_user`, `dsl_status`, `dsl_date`) VALUES
(1, 20, 13, 1, '2021-12-04 00:00:00'),
(2, 21, 8, 1, '2021-12-04 00:00:00'),
(3, 22, 18, 1, '2021-12-04 00:00:00'),
(4, 23, 21, 1, '2021-12-04 00:00:00'),
(5, 24, 20, 1, '2021-12-04 00:00:00'),
(6, 25, 6, 1, '2021-12-04 00:00:00'),
(7, 26, 19, 1, '2021-12-04 00:00:00'),
(8, 27, 22, 1, '2021-12-04 00:00:00'),
(9, 28, 11, 1, '2021-12-04 00:00:00'),
(10, 29, 7, 1, '2021-12-04 00:00:00'),
(11, 30, 2, 1, '2021-12-04 00:00:00'),
(12, 31, 5, 1, '2021-12-04 00:00:00'),
(13, 32, 17, 1, '2021-12-04 00:00:00'),
(14, 33, 14, 1, '2021-12-04 00:00:00'),
(15, 34, 16, 1, '2021-12-04 00:00:00'),
(16, 35, 15, 1, '2021-12-04 00:00:00'),
(17, 36, 12, 1, '2021-12-04 00:00:00'),
(18, 37, 10, 1, '2021-12-04 00:00:00'),
(19, 38, 9, 1, '2021-12-04 00:00:00');

-- --------------------------------------------------------

--
-- Структура таблицы `Fields`
--

CREATE TABLE `Fields` (
  `id` int(11) NOT NULL,
  `name` varchar(200) NOT NULL,
  `postfix` varchar(100) NOT NULL,
  `datatypeid` int(11) NOT NULL,
  `groupid` int(11) NOT NULL,
  `sectionid` int(11) NOT NULL,
  `sortnumber` int(11) NOT NULL,
  `islocked` varchar(5) NOT NULL,
  `select` varchar(200) DEFAULT NULL,
  `formula` varchar(100) DEFAULT NULL,
  `validation` varchar(200) DEFAULT NULL,
  `validationmessage` text DEFAULT NULL,
  `visible` varchar(5) NOT NULL
) ENGINE=InnoDB DEFAULT CHARSET=utf8;

--
-- Дамп данных таблицы `Fields`
--

INSERT INTO `Fields` (`id`, `name`, `postfix`, `datatypeid`, `groupid`, `sectionid`, `sortnumber`, `islocked`, `select`, `formula`, `validation`, `validationmessage`, `visible`) VALUES
(1, 'Загальна площа приміщень', 'кв. м.', 3, 1, 1, 1, 'False', '', '', '{2} + {3} <= {1}', 'Сума індикаторів площі ^для зберігання фондів^ та ^для обслуговування користувачів^ має бути меншою, або дорівнювати індикатору ^Загальна площа приміщень.^', 'True'),
(2, 'Ут.ч. для зберігання фондів', 'кв. м.', 3, 1, 1, 2, 'False', '', '', '', '', 'True'),
(3, 'Ут.ч. для обслуговування користувачів', 'кв. м.', 3, 1, 1, 3, 'False', '', '', '', '', 'True'),
(4, 'Кількість бібліотечних пунктів', 'одиниць', 2, 1, 2, 1, 'False', '', '', '', '', 'True'),
(5, 'Кількість бібліотечних приміщень', 'кількість приміщень/од.', 2, 1, 3, 1, 'False', '', '{6}+{7}', '{6} + {7} == {5}', 'Сума індикаторів характеристики приміщень бібліотеки ^Майнова^ та ^Технічна^ має дорівнювати індикатору ^Кількість бібліотечних приміщень.^', 'True'),
(6, 'На праві оперативного управління', 'кількість приміщень/од.', 2, 1, 4, 1, 'False', '', '', '', '', 'True'),
(7, 'Орендоване', 'кількість приміщень/од.', 2, 1, 4, 1, 'False', '', '', '', '', 'True'),
(8, 'Потребує капітального ремонту', 'кількість приміщень/од.', 2, 1, 5, 1, 'False', '', '', '{8} + {9} + {10} + {11} == {5}', 'Сума індикаторів характеристики приміщень бібліотеки за технічною ознакою ^потребує капітального ремонту^, ^аварійне^, ^не потребує ремонту^, ^потребує поточного ремонту^ має дорівнювати індикатору ^Кількість бібліотечних приміщень.^', 'True'),
(9, 'Аварійне', 'кількість приміщень/од.', 2, 1, 5, 2, 'False', '', '', '', '', 'True'),
(10, 'Не потребує ремонту', 'кількість приміщень/од.', 2, 1, 5, 3, 'False', '', '', '', '', 'True'),
(11, 'Потребує поточного ремонту', 'кількість приміщень/од.', 2, 1, 5, 4, 'False', '', '', '', '', 'True'),
(12, 'Опалювані приміщення', 'кількість приміщень/од.', 2, 1, 6, 1, 'False', '', '', '{12} + {13} == {5}', 'Сума індикаторів ^Наявність опалення^ та ^Відсутність опалення^ має дорівнювати індикатору ^Кількість бібліотечних приміщень.^', 'True'),
(13, 'Неопалювані приміщення', 'кількість приміщень/од.', 2, 1, 6, 2, 'False', '', '', '', '', 'True'),
(14, 'Приміщення з освітленням', 'кількість приміщень/од.', 2, 1, 10, 3, 'False', '', '', '{14} + {15} == {5}', 'Сума індикаторів ^Наявність освітлення^ та ^Відсутність освітлення^ має дорівнювати індикатору ^Кількість бібліотечних приміщень.^', 'True'),
(15, 'Приміщення без освітлення', 'кількість приміщень/од.', 2, 1, 10, 4, 'False', '', '', '', '', 'True'),
(16, 'Приміщення обладнане пандусом, підйомником', 'кількість приміщень/од.', 2, 1, 11, 5, 'False', '', '', '', '', 'True'),
(17, 'Кількість посадочних місць для користувачів', 'одиниць', 2, 1, 7, 1, 'False', '', '', '', '', 'True'),
(18, 'Кількість номерів стаціонарного телефонного зв`язку', 'одиниць', 2, 1, 8, 1, 'False', '', '', '', '', 'True'),
(19, 'Кількість факсів', 'одиниць', 2, 1, 8, 2, 'False', '', '', '', '', 'True'),
(20, 'Кількість адрес електронної пошти', 'одиниць', 2, 1, 8, 3, 'False', '', '', '', '', 'True'),
(21, 'Комп`ютерів', 'одиниць', 2, 1, 9, 1, 'False', '', '', '', '', 'True'),
(22, 'у т.ч. комп`ютерів для користувачів', 'одиниць', 2, 1, 9, 2, 'False', '', '', '{22} <= {21}', 'Показник менше або дорівнює показнику ^комп`ютерів^', 'True'),
(23, 'Комп`ютерів з доступом до мережі інтернет', 'одиниць', 2, 1, 12, 1, 'False', '', '', '{23} <= {21}', 'Показник менше або дорівнює показнику ^комп`ютерів^', 'True'),
(24, 'у т.ч. комп`ютерів для користувачів з доступом до мережі інтернет', 'одиниць', 2, 1, 12, 2, 'False', '', '', '{24} <= {22}', 'Показник менше або дорівнює показнику ^у т. ч. комп`ютерів для користувачів^', 'True'),
(25, 'у т. ч. комп`ютерів з тифлообладнанням та спеціалізованим програмним устаткуванням для сліпих та слабозорих', 'одиниць', 2, 1, 13, 1, 'False', '', '', '{25} <= {22}', 'Показник менше або дорівнює показнику ^у т. ч. комп`ютерів для користувачів^', 'True'),
(26, 'Копіювально-розмножувальної техніки', 'одиниць', 2, 1, 14, 1, 'False', '', '', '', '', 'True'),
(27, 'Мультимедійного обладнання (усього)', 'одиниць', 2, 1, 15, 1, 'False', '', '', '{28}+{175}+{176}+{177}<={27}', 'Показник Мультимедійного обладнання (усього) має бути не менше аніж сума його складових', 'True'),
(28, 'у т. ч. електронних пристроїв для читання', 'одиниць', 2, 1, 15, 2, 'False', '', '', '', '', 'True'),
(29, 'Транспортних засобів', 'одиниць', 2, 1, 16, 1, 'False', '', '', '', '', 'True'),
(30, 'у т. ч. спеціалізованих транспортних засобів (бібліобус)', 'одиниць', 2, 1, 16, 2, 'False', '', '', '{30} <= {29}', 'Показник менше або дорівнює показнику ^транспортних засобів.^', 'True'),
(31, 'Населення зони обслуговування', 'осіб', 2, 2, 17, 1, 'False', '', '', '', '', 'True'),
(32, 'Кількість користувачів протягом року (усього)', 'осіб', 2, 2, 17, 2, 'False', '', '', '', '', 'True'),
(33, 'У т. ч. обслужених через нестаціонарні форми обслуговування', 'осіб', 2, 2, 17, 3, 'False', '', '', '{33} <= {32}', 'Показник менше або дорівнює показнику ^Кількість користувачів протягом року (усього).^', 'True'),
(34, 'Кількість зареєстрованих користувачів, згідно з ЄРК ', 'осіб', 2, 2, 18, 1, 'False', '', '{35} + {36} + {37} + {38} + {39} + {40}', '', '', 'True'),
(35, 'до 7 років', 'осіб', 2, 2, 19, 1, 'False', '', '', '', '', 'True'),
(36, 'від 7 до 15  років  ', 'осіб', 2, 2, 19, 2, 'False', '', '', '', '', 'True'),
(37, 'від 15 до 18 років  ', 'осіб', 2, 2, 19, 3, 'False', '', '', '', '', 'True'),
(38, 'від 18 до 22 років  ', 'осіб', 2, 2, 19, 4, 'False', '', '', '', '', 'True'),
(39, 'від 22 до 60 років  ', 'осіб', 2, 2, 19, 5, 'False', '', '', '', '', 'True'),
(40, 'від 60 років', 'осіб', 2, 2, 19, 6, 'False', '', '', '', '', 'True'),
(41, 'Кількість відвідувань бібліотеки ', 'одиниць', 2, 2, 20, 1, 'False', '', '', '', '', 'True'),
(42, 'Кількість відвідувань масових заходів, організованих бібліотекою ', 'одиниць', 2, 2, 20, 2, 'False', '', '', '', '', 'True'),
(43, 'Кількість заходів для користувачів в межах бібліотеки', 'одиниць', 2, 2, 20, 3, 'False', '', '', '', '', 'True'),
(44, 'Кількість заходів для користувачів за межами бібліотеки', 'одиниць', 2, 2, 20, 4, 'False', '', '', '{43} + {44} <= {42}', 'Сума показників іКількість заходів для користувачів в межах бібліотекиі та іКількість заходів для користувачів за межами бібліотекиі менше показника ^Кількість відвідувань масових заходів, організованих бібліотекою^', 'True'),
(45, 'Кількість відвідувань заходів в межах бібліотеки', 'осіб', 2, 2, 20, 5, 'False', '', '', '{45} + {46} <= {42}', 'Сума показників іКількість відвідувань заходів в межах бібліотекиі та іКількість відвідувань заходів за межами бібліотекиі менше або дорівнює показнику ^Кількість відвідувань масових заходів, організованих бібліотекою^', 'True'),
(46, 'Кількість відвідувань заходів за межами бібліотеки', 'осіб', 2, 2, 20, 6, 'False', '', '', '{45} + {46} <= {42}', 'Сума показників іКількість  відвідувань заходів в межах бібліотекиі та іКількість відвідувань заходів за межами бібліотекиі менше або дорівнює показнику ^Кількість відвідувань масових заходів, організованих бібліотекою^', 'True'),
(47, 'Загальна кількість навчань з іТ для відвідувачів', 'одиниць', 2, 2, 21, 1, 'False', '', '', '{47} <= {48}', 'Загальна кількість навчань з іТ для відвідувачів^ менше або дорівнює іЗагальна кількість осіб, які пройшли навчання з іТ у бібліотекахі', 'True'),
(48, 'Загальна кількість осіб, які пройшли навчання з іТ у бібліотеках', 'осіб', 2, 2, 21, 2, 'False', '', '', '{48} < {41}', 'Менше показника ^Кількість відвідувань бібліотеки^', 'True'),
(49, 'Кількість осіб, які скористалися доступом до інтернет у бібліотеці', 'осіб', 2, 2, 21, 3, 'False', '', '', '{42} + {48} + {49} < {41}', 'Сума показників іКількість осіб, які скористалися доступом до інтернет у бібліотеціі , Кількість відвідувань масових заходів, організованих бібліотекоюі, іЗагальна кількість осіб, які пройшли навчання з іТ у бібліотекахі менше показника ^Кількість відвідувань бібліотеки^', 'True'),
(50, 'Бібліотека працює годин на тиждень', '', 6, 2, 22, 1, 'False', 'до 10,від 11 до 20,від 21 до 30,від 31 до 40 включно,більше 40', '', '', '', 'True'),
(51, 'Надійшло документів до бібліотечного фонду      ', 'примірників', 2, 3, 24, 1, 'False', '', '{52} + {53} + {54} + {55} + {56}', '', '', 'True'),
(52, 'книги', 'примірників', 2, 3, 25, 1, 'False', '', '', '', '', 'True'),
(53, 'періодичні видання', 'примірників', 2, 3, 25, 2, 'False', '', '', '', '', 'True'),
(54, 'аудіовізуальні матеріали', 'примірників', 2, 3, 25, 3, 'False', '', '', '', '', 'True'),
(55, 'електронні видання', 'примірників', 2, 3, 25, 4, 'False', '', '', '', '', 'True'),
(56, 'інші', 'примірників', 2, 3, 25, 5, 'False', '', '', '', '', 'True'),
(57, 'українською', 'примірників', 2, 3, 26, 1, 'False', '', '', '{57} + {58} + {59} + {60} <= {51}', 'Сума за мовами менше або дорівнює індикатору ^Надійшло документів до бібліотечного фонду^ (усього).', 'True'),
(58, 'російською', 'примірників', 2, 3, 26, 2, 'False', '', '', '', '', 'True'),
(59, 'мовами нацменшин', 'примірників', 2, 3, 26, 3, 'False', '', '', '', '', 'True'),
(60, 'іноземними', 'примірників', 2, 3, 26, 4, 'False', '', '', '', '', 'True'),
(61, 'Документів   за Державними, місцевими програмами', 'примірників', 2, 3, 27, 1, 'False', '', '', '', '', 'True'),
(62, 'Придбано  документів ', 'примірників', 2, 3, 27, 2, 'False', '', '', '', '', 'True'),
(63, 'Обов`язковий примірник', 'примірників', 2, 3, 27, 3, 'False', '', '', '', '', 'True'),
(64, 'інші джерела', 'примірників', 2, 3, 27, 4, 'False', '', '', '{61} + {62} + {63} + {64} <= {51}', 'Сума за джерелами комплектування менше або дорівнює індикатору ^Надійшло документів до бібліотечного фонду^', 'True'),
(65, 'Вибуло документів з бібліотечного фонду ', 'примірників', 2, 3, 28, 1, 'False', '', '{66} + {67} + {68} + {69} + {70}', '', '', 'True'),
(66, 'книги', 'примірників', 2, 3, 29, 1, 'False', '', '', '', '', 'True'),
(67, 'періодичні видання', 'примірників', 2, 3, 29, 2, 'False', '', '', '', '', 'True'),
(68, 'аудіовізуальні матеріали', 'примірників', 2, 3, 29, 3, 'False', '', '', '', '', 'True'),
(69, 'електронні видання', 'примірників', 2, 3, 29, 4, 'False', '', '', '', '', 'True'),
(70, 'інші', 'примірників', 2, 3, 29, 5, 'False', '', '', '', '', 'True'),
(71, 'українською', 'примірників', 2, 3, 30, 1, 'False', '', '', '{71} + {72} + {73} + {74} <= {65}', 'Сума за мовами менше або дорівнює індикатору ^Вибуло документів з бібліотечного фонду^ (усього).', 'True'),
(72, 'російською', 'примірників', 2, 3, 30, 2, 'False', '', '', '', '', 'True'),
(73, 'мовами нацменшин', 'примірників', 2, 3, 30, 3, 'False', '', '', '', '', 'True'),
(74, 'іноземними', 'примірників', 2, 3, 30, 4, 'False', '', '', '', '', 'True'),
(75, 'Фонд на кінець звітного року', 'примірників', 2, 3, 31, 1, 'False', '', '{76} + {77} + {78} + {79} + {80}', '', '', 'True'),
(76, 'книги', 'примірників', 2, 3, 32, 1, 'False', '', '', '', '', 'True'),
(77, 'періодичні видання', 'примірників', 2, 3, 32, 2, 'False', '', '', '', '', 'True'),
(78, 'аудіовізуальні матеріали', 'примірників', 2, 3, 32, 3, 'False', '', '', '', '', 'True'),
(79, 'електронні видання', 'примірників', 2, 3, 32, 4, 'False', '', '', '', '', 'True'),
(80, 'інші', 'примірників', 2, 3, 32, 5, 'False', '', '', '', '', 'True'),
(81, 'українською', 'примірників', 2, 3, 33, 1, 'False', '', '', '{81} + {82} + {83} + {84} <= {75}', 'Сума за мовами менше або дорівнює індикатору ^Фонд на кінець звітного року^ (усього).', 'True'),
(82, 'російською', 'примірників', 2, 3, 33, 2, 'False', '', '', '', '', 'True'),
(83, 'мовами нацменшин', 'примірників', 2, 3, 33, 3, 'False', '', '', '', '', 'True'),
(84, 'іноземними', 'примірників', 2, 3, 33, 4, 'False', '', '', '', '', 'True'),
(85, 'Фонд рідкісних та цінних книг ', 'примірників', 2, 3, 34, 1, 'False', '', '', '', '', 'True'),
(86, 'Кількість книжкових пам`яток  ', 'примірників', 2, 3, 34, 2, 'False', '', '', '', '', 'True'),
(87, 'Кількість колекцій ', 'од. назв ', 2, 3, 34, 3, 'False', '', '', '', '', 'True'),
(88, 'Видача документів усього ', 'примірників', 2, 4, 35, 1, 'False', '', '{89} + {90} + {91} + {92} + {93}', '', '', 'True'),
(89, 'книги', 'примірників', 2, 4, 36, 1, 'False', '', '', '', '', 'True'),
(90, 'періодичні видання', 'примірників', 2, 4, 36, 2, 'False', '', '', '', '', 'True'),
(91, 'аудіовізуальні матеріали', 'примірників', 2, 4, 36, 3, 'False', '', '', '', '', 'True'),
(92, 'електронні видання', 'примірників', 2, 4, 36, 4, 'False', '', '', '', '', 'True'),
(93, 'інші', 'примірників', 2, 4, 36, 5, 'False', '', '', '', '', 'True'),
(94, 'українською', 'примірників', 2, 4, 37, 1, 'False', '', '', '{94} + {95} + {96} + {97} <= {88}', 'Сума за мовами менше або дорівнює індикатору ^Видача документів усього.^', 'True'),
(95, 'російською', 'примірників', 2, 4, 37, 2, 'False', '', '', '', '', 'True'),
(96, 'мовами нацменшин', 'примірників', 2, 4, 37, 3, 'False', '', '', '', '', 'True'),
(97, 'іноземними', 'примірників', 2, 4, 37, 4, 'False', '', '', '', '', 'True'),
(98, 'Усього  ', 'примірників', 2, 4, 38, 1, 'False', '', '{99} + {100} + {101} + {102} + {103}', '', '', 'True'),
(99, 'книги', 'примірників', 2, 4, 39, 1, 'False', '', '', '{99} <= {89}', 'Показник менше або дорівнює ^книги, усього^', 'True'),
(100, 'періодичні видання', 'примірників', 2, 4, 39, 2, 'False', '', '', '{100} <= {90}', 'Показнки менше або дорівнює ^періодичні видання, усього^', 'True'),
(101, 'аудіовізуальні матеріали', 'примірників', 2, 4, 39, 3, 'False', '', '', '{101} <= {91}', 'Показник менше або дорівнює ^аудіовізуальні матеріали, усього^', 'True'),
(102, 'електронні видання', 'примірників', 2, 4, 39, 4, 'False', '', '', '{102} <= {92}', 'Показник менше або дорівнює ^електронні видання, усього^', 'True'),
(103, 'інші', 'примірників', 2, 4, 39, 5, 'False', '', '', '{103} <= {93}', 'Показник менше або дорівнює ^інші, усього^', 'True'),
(104, 'українською', 'примірників', 2, 4, 40, 1, 'False', '', '', '({104} <= {94})  && ( {104} + {105} + {106} + {107} <= {98} )', 'Сума за мовами менше або дорівнює індикатору ^у т. ч. видано примірників дітям до 15 років^ (усього).Також показник ^українською^ менше або дорівнює ^українською, усього^', 'True'),
(105, 'російською', 'примірників', 2, 4, 40, 2, 'False', '', '', '{105} <= {95}', 'Показник менше або дорівнює ^російською, усього^', 'True'),
(106, 'мовами нацменшин', 'примірників', 2, 4, 40, 3, 'False', '', '', '{106} <= {96}', 'Показнки менше або дорівнює ^мовами нацменшин, усього^', 'True'),
(107, 'іноземними', 'примірників', 2, 4, 40, 4, 'False', '', '', '{107} <= {97}', 'Показник менше або дорівнює ^іноземними, усього^', 'True'),
(108, 'Кількість власних  веб-сайтів ', 'одиниць', 2, 5, 41, 1, 'False', '', '', '', '', 'True'),
(109, 'інтернет-адреси власних веб-сайтів', 'адреса', 5, 5, 41, 2, 'False', '', '', '', '', 'True'),
(110, 'Кількість звернень до власних веб-сайтів  ', 'одиниць', 2, 5, 41, 3, 'False', '', '', '{110} <= {41}', 'Дані входять до індикатора ^загальна кількість відвідувань^ бібліотеки. Показник індикатора ^Кількість звернень до власних веб-сайтів^ не може перевищувати показник індикатора ^Загальна кількість відвідувань.^', 'True'),
(111, 'Кількість блогів, сторінок у соціальних мережах', 'одиниць', 2, 5, 59, 4, 'False', '', '', '', '', 'True'),
(112, 'Обсяг ЕК', 'записів', 2, 5, 60, 5, 'False', '', '', '', '', 'True'),
(113, 'Кількість власних  Баз даних', 'одиниць', 2, 5, 60, 6, 'False', '', '', '', '', 'True'),
(114, 'Обсяг власних БД  ', 'записів', 2, 5, 60, 7, 'False', '', '', '', '', 'True'),
(115, 'Обсяг електронної (цифрової) бібліотеки', 'примірників', 2, 5, 61, 8, 'False', '', '', '', '', 'True'),
(116, 'з них документів, доступ до яких можливий через мережу інтернет', 'примірників', 2, 5, 61, 9, 'False', '', '', '{116} <= {115}', 'Показник менше або дорівнює показнику ^Обсяг електронної (цифрової) бібліотеки.^', 'True'),
(117, 'Кількість віддалених ліцензованих ресурсів', 'одиниць', 2, 5, 62, 10, 'False', '', '', '', '', 'False'),
(118, 'Кількість звернень до віддалених ліцензованих ресурсів', 'одиниць', 2, 5, 62, 11, 'False', '', '', '', '', 'False'),
(119, 'Кількість виконаних довідок', 'одиниць', 2, 6, 42, 1, 'False', '', '', '', '', 'True'),
(120, 'у т. ч. віртуальних', 'одиниць', 2, 6, 42, 2, 'False', '', '', '{120} <= {119}', 'Показник менше або дорівнює показнику ^Кількість виконаних довідок.^', 'True'),
(121, 'Кількість виданих документів іншим бібліотекам через МБА, ММБА', 'примірників ', 2, 6, 64, 3, 'False', '', '', '', '', 'True'),
(122, 'Кількість отриманих документів з інших бібліотек', 'примірників ', 2, 6, 64, 4, 'False', '', '', '', '', 'True'),
(123, 'Загальна кількість працівників', 'осіб', 2, 7, 43, 1, 'False', '', '', '', '', 'True'),
(124, 'Кількість бібліотечних фахівців', 'осіб', 2, 7, 44, 1, 'False', '', '', '{124} <= {123}', 'Показник ^Кількість бібліотечних фахівців^ менше або дорівнює показнику ^Загальна кількість працівників.^', 'True'),
(125, 'повну вищу', 'осіб', 2, 7, 45, 1, 'False', '', '', '', '', 'True'),
(126, 'у т. ч. спеціальну', 'осіб', 2, 7, 45, 2, 'False', '', '', '{126} <= {125}', 'Складова менше або дорівнює складовій іповну вищуі.', 'True'),
(127, 'базову вищу', 'осіб', 2, 7, 45, 3, 'False', '', '', '{125} + {127} <= {124}', 'Сума складових іповну вищуі і ібазову вищуі менше або дорівнює показнику ^Кількість бібліотечних фахівців^', 'True'),
(128, 'у т. ч. спеціальну ', 'осіб', 2, 7, 45, 4, 'False', '', '', '{128} <= {127}', 'Складова менше або дорівнює складовій ібазову вищуі.', 'True'),
(129, 'до 30 років', 'осіб', 2, 7, 47, 1, 'False', '', '', '{129} + {130} + {131} + {132} == {124}', 'Сума складових ^Віковий склад кадрів^ дорівнює ^Кількість бібліотечних фахівців.^', 'True'),
(130, 'від 30 до 45 років ', 'осіб', 2, 7, 47, 2, 'False', '', '', '', '', 'True'),
(131, 'від 45 до 60 років ', 'осіб', 2, 7, 47, 3, 'False', '', '', '', '', 'True'),
(132, 'від 60 років', 'осіб', 2, 7, 47, 4, 'False', '', '', '', '', 'True'),
(133, 'до 3 років', 'осіб', 2, 7, 46, 1, 'False', '', '', '{133} + {134} + {135} + {136} == {124}', 'Сума складових ^Кількість бібліотечних фахівців, які мають стаж бібліотечної роботи^ має дорівнювати індикатору ^Кількість бібліотечних фахівців^', 'True'),
(134, 'понад 3 роки ', 'осіб', 2, 7, 46, 2, 'False', '', '', '', '', 'True'),
(135, 'понад 10 років ', 'осіб', 2, 7, 46, 3, 'False', '', '', '', '', 'True'),
(136, 'понад 20 років', 'осіб', 2, 7, 46, 4, 'False', '', '', '', '', 'True'),
(137, 'повний робочий день', 'осіб', 2, 7, 48, 1, 'False', '', '', '{137} + {138} <= {124}', 'Сума складових ^із загальної кількості бібліотечних фахівців працюють^ менше або дорівнює ^Кількість бібліотечних фахівців.^', 'True'),
(138, 'неповний робочий день', 'осіб', 2, 7, 48, 2, 'False', '', '', '', '', 'True'),
(139, 'Кількість бібліотечних фахівців, які підвищили свою кваліфікацію (протягом року)', 'осіб', 2, 7, 49, 1, 'False', '', '', '{139} <= {124}', 'Показник менше або дорівнює показнику ^Кількість бібліотечних фахівців.^', 'True'),
(140, 'Загальна кількість навчань з іТ для бібліотекарів ', 'одиниць', 2, 7, 50, 1, 'False', '', '', '', '', 'True'),
(141, 'Кількість бібліотекарів, для яких організовано навчання у тренінгових центрах', 'осіб', 2, 7, 50, 2, 'False', '', '', '{141} <= {123}', 'Показник менше або дорівнює показнику ^Кількість бібліотечних працівників^', 'True'),
(142, 'Загальна сума надходжень коштів за рік ', 'грн.', 3, 8, 51, 1, 'False', '', '{143} + {149}', '', '', 'True'),
(143, 'усього', 'грн.', 3, 8, 52, 1, 'False', '', '', '', '', 'True'),
(144, 'з них на оплату праці', 'грн.', 3, 8, 53, 1, 'False', '', '', '', '', 'True'),
(145, 'з них на комплектування', 'грн.', 3, 8, 53, 2, 'False', '', '', '', '', 'True'),
(146, 'з них у т. ч. на періодичні видання', 'грн.', 3, 8, 53, 3, 'False', '', '', '{146} <= {145}', 'Сума складових менше або дорівнює показнику ^з них на комплектування^', 'True'),
(147, 'з них на поточний і капітальний ремонти', 'грн.', 3, 8, 53, 4, 'False', '', '', '', '', 'True'),
(148, 'з них на придбання основних засобів', 'грн.', 3, 8, 53, 5, 'False', '', '', '{144} + {145} + {147} + {148} <= {143}', 'Сума складових менше або дорівнює показнику ^Кошти загального фонду, усього^', 'True'),
(149, 'усього', 'грн.', 3, 8, 54, 1, 'False', '', '{150} + {151} + {152}', '', '', 'True'),
(150, 'з них надання платних послуг', 'грн.', 3, 8, 55, 1, 'False', '', '', '', '', 'True'),
(151, 'з них благодійні, спонсорські внески ', 'грн.', 3, 8, 55, 2, 'False', '', '', '', '', 'True'),
(152, 'з них інші джерела', 'грн.', 3, 8, 55, 3, 'False', '', '', '', '', 'True'),
(153, 'усього', 'грн.', 3, 8, 56, 1, 'False', '', '', '', '', 'True'),
(154, 'з них на оплату праці', 'грн.', 3, 8, 57, 1, 'False', '', '', '', '', 'True'),
(155, 'з них на комплектування фонду', 'грн.', 3, 8, 57, 2, 'False', '', '', '', '', 'True'),
(156, 'з них у т. ч. за рахунок коштів загального фонду', 'грн.', 3, 8, 57, 3, 'False', '', '', '{156} <= {155}', 'Складова менше або дорівнює складовій ^з них на комплектування фонду^', 'True'),
(157, 'з них на поточний і капітальний ремонти', 'грн.', 3, 8, 57, 4, 'False', '', '', '', '', 'True'),
(158, 'з них у т. ч. за рахунок коштів загального фонду', 'грн.', 3, 8, 57, 5, 'False', '', '', '{158} <= {157}', 'Складова менше або дорівнює складовій ^з них на поточний і капітальний ремонти^', 'True'),
(159, 'з них на придбання основних засобів', 'грн.', 3, 8, 57, 6, 'False', '', '', '{154} + {155} + {157} + {159} <= {153} ', 'Сума складових менше або дорівнює іВикористання коштів усьогоі.', 'True'),
(160, 'з них у т. ч. за рахунок коштів загального фонду', 'грн.', 3, 8, 57, 7, 'False', '', '', '{160} <= {159}', 'Складова менше або дорівнює складовій ^з них на придбання основних засобів^', 'True'),
(161, 'Залишок коштів спеціального фонду на кінець року ', 'грн.', 3, 8, 58, 1, 'False', '', '', '', '', 'True'),
(162, 'Група за оплатою праці керівних працівників', '', 6, 2, 23, 1, 'False', 'національна,1 група,2 група,3 група,4 група,поза групою', '', '', '', 'True'),
(163, 'Кількість абонентів МБА, ММБА  ', 'абонентів  ', 2, 6, 64, 1, 'False', '', '', '', '', 'True'),
(175, 'у т.ч. інтерактивні дошки ', 'одиниць', 2, 1, 15, 3, 'False', '', '', '', '', 'True'),
(176, 'у т.ч. проектори цифрові/мультимедійні', 'одиниць', 2, 1, 15, 4, 'False', '', '', '', '', 'True'),
(177, 'у т.ч. планшети /планшетний компіютер', 'одиниць', 2, 1, 15, 5, 'False', '', '', '', '', 'True'),
(178, 'Wi-Fi доступ для користувачів ', '', 6, 1, 74, 1, 'False', 'Так,Ні', '', '', '', 'True'),
(179, 'Кількість вебінарів, організованих бібліотекою ', '', 2, 2, 75, 1, 'False', '', '', '', '', 'True'),
(180, 'Кількість учасників вебінарів (усього)', '', 2, 2, 75, 2, 'False', '', '{181} + {182}', '', '', 'True'),
(181, 'Бібліотечних працівників', '', 2, 2, 75, 3, 'False', '', '', '', '', 'True'),
(182, 'Не бібліотекарів ', '', 2, 2, 75, 4, 'False', '', '', '', '', 'True'),
(183, 'Кількість годин, фактично відпрацьованих бібліотекою протягом року', 'години', 3, 2, 22, 2, 'False', '', '', '', '', 'True'),
(184, 'Входить до ОТГ', '', 6, 2, 23, 2, 'False', 'Так,Ні', '', '', '', 'True');

-- --------------------------------------------------------

--
-- Структура таблицы `groups`
--

CREATE TABLE `groups` (
  `id` int(11) NOT NULL,
  `docum` int(11) NOT NULL,
  `name` varchar(50) NOT NULL,
  `description` varchar(255) NOT NULL,
  `SortNumber` int(11) NOT NULL,
  `id_name` varchar(10) NOT NULL
) ENGINE=InnoDB DEFAULT CHARSET=utf8;

--
-- Дамп данных таблицы `groups`
--

INSERT INTO `groups` (`id`, `docum`, `name`, `description`, `SortNumber`, `id_name`) VALUES
(1, 1, 'Матеріально-технічна база', '', 1, 'mtb'),
(2, 1, 'Користувачі, відвідування, звернення', '', 2, 'users'),
(3, 1, 'Бібліотечні фонди', '', 3, 'fond'),
(4, 1, 'Видача', '', 4, 'exch'),
(5, 1, 'Електронні ресурси', '', 5, 'electr'),
(6, 1, 'Обслуговування МБА', '', 6, 'mba'),
(7, 1, 'Персонал бібліотеки', '', 7, 'people'),
(8, 1, 'Фінансування', '', 8, 'money');

-- --------------------------------------------------------

--
-- Структура таблицы `hkfields`
--

CREATE TABLE `hkfields` (
  `id` int(11) NOT NULL,
  `hkgroupid` int(11) NOT NULL,
  `hksectionid` int(11) DEFAULT NULL,
  `groupid` int(11) NOT NULL,
  `sectionid` int(11) NOT NULL,
  `fieldid` int(11) NOT NULL,
  `name` varchar(200) NOT NULL,
  `sortnumber` int(11) NOT NULL,
  `visible` varchar(5) NOT NULL,
  `vertical` varchar(5) NOT NULL,
  `css` varchar(200) DEFAULT NULL,
  `style` varchar(200) DEFAULT NULL,
  `comments` varchar(100) DEFAULT NULL
) ENGINE=InnoDB DEFAULT CHARSET=utf8;

--
-- Дамп данных таблицы `hkfields`
--

INSERT INTO `hkfields` (`id`, `hkgroupid`, `hksectionid`, `groupid`, `sectionid`, `fieldid`, `name`, `sortnumber`, `visible`, `vertical`, `css`, `style`, `comments`) VALUES
(1, 1, NULL, 1, 1, 1, 'Загальна площа<br/>приміщень (кв. м)', 1, 'True', 'False', 'h220px w60px', 'left: -35px; top: 95px;', ''),
(2, 1, 1, 1, 1, 2, 'для зберігання<br/>фондів', 2, 'True', 'False', 'h170px w60px', 'left: -20px; top: 60px;', ''),
(3, 1, 1, 1, 1, 3, 'для<br/>обслуговування<br/>користувачів', 3, 'True', 'False', 'h170px w60px', 'left: -28px; top: 55px;', ''),
(4, 1, NULL, 1, 2, 4, 'Кількість бібліотечних<br/>пунктів', 4, 'True', 'False', 'w60px', 'left: -50px; top: 90px;', ''),
(5, 1, NULL, 1, 3, 5, 'Кількість бібліотечних<br/>приміщень', 5, 'True', 'False', 'w60px', 'left: -50px; top: 90px;', ''),
(6, 1, 5, 1, 4, 6, 'на праві<br/>оперативного<br/>управління', 6, 'True', 'False', 'w60px', 'left: -20px; top: 55px;', ''),
(7, 1, 5, 1, 4, 7, 'орендоване', 7, 'True', 'False', 'w60px', 'left: -10px; top: 75px;', ''),
(8, 1, 6, 1, 5, 8, ' потребує<br/>капітального<br/>ремонту', 8, 'True', 'False', 'w60px', 'left: -14px; top: 55px;', ''),
(9, 1, 6, 1, 5, 9, 'аварійне', 9, 'True', 'False', 'w60px', 'left: 1px; top: 75px;', ''),
(10, 1, 6, 1, 5, 10, 'не<br/>потребує<br/>ремонту', 10, 'True', 'False', 'w60px', 'left: -10px; top: 65px;', ''),
(11, 1, 6, 1, 5, 11, 'потребує<br/>поточного<br/>ремонту', 11, 'True', 'False', 'w60px', 'left: -40px; top: 65px;', ''),
(12, 1, 7, 1, 6, 12, 'опалювані<br/>приміщення', 12, 'True', 'False', 'w60px', 'left: -10px; top: 65px;', ''),
(13, 1, 7, 1, 6, 13, 'неопалювані<br/>приміщення', 13, 'True', 'False', 'w60px', 'left: -14px; top: 65px;', ''),
(14, 1, 8, 1, 10, 14, 'приміщення з<br/>освітленням', 14, 'True', 'False', 'w60px', 'left: -18px; top: 65px;', ''),
(15, 1, 8, 1, 10, 15, 'приміщення<br/>без<br/>освітлення', 15, 'True', 'False', 'w60px', 'left: -28px; top: 65px;', ''),
(16, 1, 2, 1, 11, 16, 'приміщення<br/>обладнане<br/>пандусом,<br/>підйомником', 16, 'True', 'False', 'w60px', 'left: -45px; top: 65px;', ''),
(17, 1, NULL, 1, 7, 17, 'Кількість<br/>посадочних<br/>місць<br/>для<br/>користувачів ', 17, 'True', 'False', 'w60px', 'left: -50px; top: 90px;', ''),
(18, 1, 3, 1, 8, 18, 'Кількість<br/>номерів<br/>стаціонарного<br/>телефонного<br/>зв\'язку', 18, 'True', 'False', 'w80px', 'left: -20px; top: 45px;', ''),
(19, 1, 3, 1, 8, 19, 'Кількість<br/>факсів', 19, 'True', 'False', 'w60px', 'left: -25px; top: 75px;', ''),
(20, 1, 3, 1, 8, 20, 'Кількість<br/>адрес<br/>електронної<br/>пошти', 20, 'True', 'False', 'w60px', 'left: -35px; top: 65px;', ''),
(21, 1, 4, 1, 9, 21, 'комп\'ютерів', 21, 'True', 'False', 'w60px', 'left: -10px; top: 75px;', ''),
(22, 1, 4, 1, 9, 22, 'у т. ч.<br/>комп\'ютерів<br/>для<br/>користувачів', 22, 'True', 'False', 'w60px', 'left: -34px; top: 65px;', ''),
(23, 1, 4, 1, 12, 23, ' комп\'ютерів з<br/>доступом<br/>до<br/>мережі<br/>Інтернет', 23, 'True', 'False', 'w60px', 'left: -25px; top: 60px;', ''),
(24, 1, 4, 1, 12, 24, ' у т. ч.<br/>комп\'ютерів<br/>для<br/>користувачів з<br/>доступом<br/>до мережі<br/>Інтернет', 24, 'True', 'False', 'w100px', 'left: -20px; top: 35px;', ''),
(25, 1, 4, 1, 13, 25, 'у т. ч. комп\'ютерів з<br/>тифлообладнанням<br/>та спеціалізованим<br/>програмним<br/>устаткуванням<br/> для сліпих та<br/>слабозорих', 25, 'True', 'True', 'w150px', 'left: 4px; top: 25px;', ''),
(26, 1, 4, 1, 14, 26, 'копіювально-<br/>розмножувальної<br/>техніки', 26, 'True', 'False', 'w60px', 'left: -30px; top: 55px;', ''),
(27, 1, 4, 1, 15, 27, 'мультимедійного<br/>обладнання', 27, 'True', 'False', 'w60px', 'left: -30px; top: 65px;', ''),
(28, 1, 4, 1, 15, 28, 'у т. ч.<br/>електронних<br/>пристроїв для<br/>читання', 28, 'True', 'False', 'w60px', 'left: -35px; top: 55px;', ''),
(29, 1, 4, 1, 16, 29, 'транспортних<br/>засобів', 29, 'True', 'False', 'w60px', 'left: -18px; top: 65px;', ''),
(30, 1, 4, 1, 16, 30, 'у т. ч.<br/>спеціалізованих<br/>транспортних<br/>засобів<br/>бібліобус', 30, 'True', 'False', 'w80px', 'left: -40px; top: 45px;', ''),
(31, 2, NULL, 2, 17, 31, 'Населення<br/>зони<br/>обслуговування', 1, 'True', 'False', 'h220px w60px', 'left: -30px; top: 100px;', ''),
(32, 2, NULL, 2, 17, 32, 'Кількість користувачів протягом року (усього) ', 2, 'True', 'False', 'w110px', NULL, ''),
(33, 2, NULL, 2, 17, 33, 'У т. ч. обслужених через нестаціонарні форми обслуговування', 3, 'True', 'False', 'w130px', NULL, ''),
(34, 2, NULL, 2, 18, 34, 'Кількість зареєстрованих користувачів, згідно з ЄРК ', 4, 'True', 'False', 'w120px', NULL, ''),
(35, 2, 9, 2, 19, 35, ' до 7 років', 5, 'True', 'False', 'w60px h180px', 'left: -5px; top: 80px;', ''),
(36, 2, 9, 2, 19, 36, 'від 7 до 15 років', 6, 'True', 'False', 'w60px', 'left: -25px; top: 80px;', ''),
(37, 2, 9, 2, 19, 37, 'від 15 до 18 років', 7, 'True', 'False', 'w60px', 'left: -30px; top: 80px;', ''),
(38, 2, 9, 2, 19, 38, 'від 18 до 22 років', 8, 'True', 'False', 'w60px', 'left: -30px; top: 85px;', ''),
(39, 2, 9, 2, 19, 39, 'від 22 до 60 років  ', 9, 'True', 'False', 'w60px', 'left: -30px; top: 84px;', ''),
(40, 2, 9, 2, 19, 40, 'від 60 років', 10, 'True', 'False', 'w60px', 'left: -10px; top: 90px;', ''),
(41, 2, NULL, 2, 20, 41, 'Кількість<br/>відвідувань<br/>бібліотеки ', 11, 'True', 'False', 'w60px', 'left: -45px; top: 100px;', ''),
(42, 2, NULL, 2, 20, 42, 'Кількість<br/>відвідувань<br/>масових<br/>заходів,<br/>організованих<br/>бібліотекою ', 12, 'True', 'False', 'h240px w60px', 'left: -75px; top: 100px;', ''),
(43, 2, NULL, 2, 20, 43, 'Кількість<br/>заходів<br/>для<br/>користувачів<br/>в межах<br/>бібліотеки', 13, 'True', 'False', 'w60px', 'left: -36px; top: 100px;', ''),
(44, 2, NULL, 2, 20, 44, 'Кількість<br/>заходів<br/>для<br/>користувачів<br/>за межами<br/>бібліотеки', 14, 'True', 'False', 'w60px', 'left: -55px; top: 100px;', ''),
(45, 2, NULL, 2, 20, 45, 'Кількість<br/>учасників<br/>заходів<br/>в межах<br/>бібліотеки', 15, 'True', 'False', 'w60px', 'left: -40px; top: 100px;', ''),
(46, 2, NULL, 2, 20, 46, 'Кількість<br/>учасників<br/>заходів за<br/>межами<br/>бібліотеки', 16, 'True', 'False', 'w60px', 'left: -40px; top: 100px;', ''),
(47, 2, NULL, 2, 21, 47, 'Загальна кількість<br/>навчань з ІТ<br/>для відвідувачів', 17, 'True', 'True', 'w60px', 'left: -35px; top: 100px;', ''),
(48, 2, NULL, 2, 21, 48, 'Загальна кількість осіб,<br/>які пройшли навчання<br/>з ІТ у бібліотеках', 18, 'True', 'True', 'w60px', 'left: -55px; top: 100px;', ''),
(49, 2, NULL, 2, 21, 49, 'Кількість осіб, які<br/>скористалися доступом до<br/>інтернет у бібліотеці', 19, 'True', 'True', 'w60px', 'left: -65px; top: 100px;', ''),
(50, 2, 10, 2, 22, 50, 'до 10', 20, 'True', 'False', 'w60px', 'left: 15px; top: 90px;', ''),
(51, 2, 10, 2, 22, 50, 'від 11 до 20', 21, 'True', 'False', 'w60px', 'left: -10px; top: 90px;', ''),
(52, 2, 10, 2, 22, 50, 'від 21 до 30', 22, 'True', 'False', 'w60px', 'left: -10px; top: 90px;', ''),
(53, 2, 10, 2, 22, 50, 'від 31 до<br/>40 включно', 23, 'True', 'False', 'w60px', 'left: -15px; top: 85px;', ''),
(54, 2, 10, 2, 22, 50, 'більше 40', 24, 'True', 'False', 'w60px', 'left: -3px; top: 90px;', ''),
(55, 2, 11, 2, 23, 162, 'національна', 25, 'True', 'False', 'w60px', 'left: -10px; top: 90px;', ''),
(56, 2, 11, 2, 23, 162, '1 група', 26, 'True', 'False', 'w60px', 'left: 6px; top: 90px;', ''),
(57, 2, 11, 2, 23, 162, '2 група', 27, 'True', 'False', 'w60px', 'left: 5px; top: 90px;', ''),
(58, 2, 11, 2, 23, 162, '3 група', 28, 'True', 'False', 'w60px', 'left: 5px; top: 90px;', ''),
(59, 2, 11, 2, 23, 162, '4 група', 29, 'True', 'False', 'w60px', 'left: 5px; top: 90px;', ''),
(60, 2, 11, 2, 23, 162, 'поза групою', 30, 'True', 'False', 'w60px', 'left: -10px; top: 90px;', ''),
(61, 3, NULL, 3, 24, 51, 'Надійшло документів до бібліотечного фонду', 1, 'True', 'False', 'w100px', NULL, ''),
(62, 3, 12, 3, 25, 52, ' книги', 2, 'True', 'False', 'h65px w60px', 'left: 5px;', ''),
(63, 3, 12, 3, 25, 53, 'періодичні<br/>видання', 3, 'True', 'False', 'h190px w60px', 'left: -40px;', ''),
(64, 3, 12, 3, 25, 54, 'аудіовізуальні<br/>матеріали', 4, 'True', 'False', 'h210px w60px', 'top: 100px; left: -60px;', ''),
(65, 3, 12, 3, 25, 55, 'електронні<br/>видання', 5, 'True', 'False', 'w60px', 'left: -40px;', ''),
(66, 3, 12, 3, 25, 56, 'інші', 6, 'True', 'False', 'w60px', 'left:15px;', ''),
(67, 3, 13, 3, 26, 57, 'українською', 7, 'True', 'False', 'w60px', 'left: -15px;', ''),
(68, 3, 13, 3, 26, 58, 'російською', 8, 'True', 'False', 'w60px', 'left: -10px;', ''),
(69, 3, 13, 3, 26, 59, 'мовами<br/>нацменшин', 9, 'True', 'False', 'w60px', 'left: -40px;', ''),
(70, 3, 13, 3, 26, 60, 'іноземними', 10, 'True', 'False', 'w60px', 'left: -10px;', ''),
(71, 3, 14, 3, 27, 61, 'документів<br/>за Державними,<br/>місцевими<br/>програмами', 11, 'True', 'False', 'w60px', 'top: 85px; left: -70px;', ''),
(72, 3, 14, 3, 27, 62, 'придбано<br/>документів', 12, 'True', 'False', 'w60px', 'left: -50px;', ''),
(73, 3, 14, 3, 27, 63, 'обов\'язковий<br/>примірник', 13, 'True', 'False', 'w60px', 'left: -55px;', ''),
(74, 3, 14, 3, 27, 64, 'інші джерела', 14, 'True', 'False', 'w60px', 'left: -15px;', ''),
(75, 3, NULL, 3, 28, 65, 'Вибуло документів з бібліотечного фонду ', 15, 'True', 'False', 'w100px', NULL, ''),
(76, 3, 15, 3, 29, 66, 'книги', 16, 'True', 'False', 'w60px', 'left: 10px;', ''),
(77, 3, 15, 3, 29, 67, 'періодичні<br/>видання', 17, 'True', 'False', 'w60px', 'left: -40px;', ''),
(78, 3, 15, 3, 29, 68, 'аудіовізуальні<br/>матеріали', 18, 'True', 'False', 'w60px', 'left: -60px;', ''),
(79, 3, 15, 3, 29, 69, 'електронні<br/>видання', 19, 'True', 'False', 'w60px', 'left: -40px;', ''),
(80, 3, 15, 3, 29, 70, 'інші', 20, 'True', 'False', 'w60px', 'left: 15px;', ''),
(81, 3, 16, 3, 30, 71, 'українською', 21, 'True', 'False', 'w60px', 'left: -15px;', ''),
(82, 3, 16, 3, 30, 72, 'російською', 22, 'True', 'False', 'w60px', 'left: -10px;', ''),
(83, 3, 16, 3, 30, 73, 'мовами нацменшин', 23, 'True', 'False', 'w60px', 'left: -40px;', ''),
(84, 3, 16, 3, 30, 74, 'іноземними', 24, 'True', 'False', 'w60px', 'left: -10px;', ''),
(85, 3, NULL, 3, 31, 75, 'Фонд на кінець звітного року ', 25, 'True', 'False', 'w60px', 'top:10px; left: -75px;', ''),
(86, 3, 17, 3, 32, 76, 'книги', 26, 'True', 'False', 'w60px', 'left: 10px;', ''),
(87, 3, 17, 3, 32, 77, 'періодичні видання', 27, 'True', 'False', 'w60px', 'left: -40px;', ''),
(88, 3, 17, 3, 32, 78, 'аудіовізуальні матеріали', 28, 'True', 'False', 'w60px', 'top:100px; left: -60px;', ''),
(89, 3, 17, 3, 32, 79, 'електронні видання', 29, 'True', 'False', 'w60px', 'left: -40px;', ''),
(90, 3, 17, 3, 32, 80, 'інші', 30, 'True', 'False', 'w60px', 'left: 15px;', ''),
(91, 3, 18, 3, 33, 81, 'українською', 31, 'True', 'False', 'w60px', 'left: -15px;', ''),
(92, 3, 18, 3, 33, 82, 'російською', 32, 'True', 'False', 'w60px', 'left: -10px;', ''),
(93, 3, 17, 3, 33, 83, 'мовами нацменшин', 33, 'True', 'False', 'w60px', 'left: -40px;', ''),
(94, 3, 18, 3, 33, 84, 'іноземними', 34, 'True', 'False', 'w60px', 'left: -10px;', ''),
(95, 3, NULL, 3, 34, 85, 'Фонд рідкісних та цінних книг ', 35, 'True', 'False', 'w60px', 'top: 110px; left: -80px;', ''),
(96, 3, NULL, 3, 34, 86, 'Кількість книжкових пам\'яток  ', 36, 'True', 'False', 'w60px', 'top: 110px; left: -80px;', ''),
(97, 3, NULL, 3, 34, 87, 'Кількість колекцій ', 37, 'True', 'False', 'w60px', 'left: -35px;', ''),
(98, 4, NULL, 4, 35, 88, 'Видача документів (усього)', 1, 'True', 'False', 'w90px', NULL, ''),
(99, 4, 19, 4, 36, 89, 'книги', 2, 'True', 'False', 'w60px', NULL, ''),
(100, 4, 19, 4, 36, 90, 'періодичні видання', 3, 'True', 'False', 'w60px', 'left: -40px;', ''),
(101, 4, 19, 4, 36, 91, 'аудіовізуальні матеріали', 4, 'True', 'False', 'h210px w60px', 'left: -55px;', ''),
(102, 4, 19, 4, 36, 92, 'електронні видання', 5, 'True', 'False', 'w60px', 'left: -40px;', ''),
(103, 4, 19, 4, 36, 93, 'інші', 6, 'True', 'False', 'w60px', 'left: 15px;', ''),
(104, 4, 20, 4, 37, 94, 'українською', 7, 'True', 'False', 'w60px', 'left: -10px;', ''),
(105, 4, 20, 4, 37, 95, 'російською', 8, 'True', 'False', 'w60px', 'left: -10px;', ''),
(106, 4, 20, 4, 37, 96, 'мовами нацменшин', 9, 'True', 'False', 'w60px', 'left: -40px;', ''),
(107, 4, 20, 4, 37, 97, 'іноземними', 10, 'True', 'True', 'w60px', 'left: -10px;', ''),
(108, 4, 21, 4, 38, 98, 'Усього', 11, 'True', 'True', 'w60px', NULL, ''),
(109, 4, 22, 4, 39, 99, 'книги', 12, 'True', 'True', 'w60px', NULL, ''),
(110, 4, 22, 4, 39, 100, 'періодичні видання', 13, 'True', 'True', 'w60px', 'left: -40px;', ''),
(111, 4, 22, 4, 39, 101, 'аудіовізуальні матеріали', 14, 'True', 'True', 'h190px w60px', 'left: -55px; top: 90px;', ''),
(112, 4, 22, 4, 39, 102, 'електронні видання', 15, 'True', 'True', 'w60px', 'left: -40px;', ''),
(113, 4, 22, 4, 39, 103, 'інші', 16, 'True', 'True', 'w60px', NULL, ''),
(114, 4, 23, 4, 40, 104, 'українською', 17, 'True', 'True', 'w60px', 'left: -15px;', ''),
(115, 4, 23, 4, 40, 105, 'російською', 18, 'True', 'True', 'w60px', 'left: -10px;', ''),
(116, 4, 23, 4, 40, 106, 'мовами нацменшин', 19, 'True', 'True', 'w60px', 'left: -40px; top: 90px;', ''),
(117, 4, 23, 4, 40, 107, 'іноземними', 20, 'True', 'True', 'w60px', 'left: -10px;', ''),
(118, 5, NULL, 5, 41, 108, 'Кількість власних  веб-сайтів ', 1, 'True', 'False', 'h230px w60px', 'left: -75px; top: 110px;', ''),
(119, 5, NULL, 5, 41, 109, 'Інтернет-адреси власних <br/>веб-сайтів', 2, 'True', 'False', 'w60px', 'top: 110px; left: -60px;', ''),
(120, 5, NULL, 5, 41, 110, 'Кількість звернень до власних <br/>веб-сайтів  ', 3, 'True', 'False', 'h260px w60px', 'top: 115px; left: -85px;', ''),
(121, 5, NULL, 5, 59, 111, 'Кількість блогів, сторінок у <br/>соціальних мережах', 4, 'True', 'False', 'w60px', 'top: 110px; left: -80px;', ''),
(122, 5, NULL, 5, 60, 112, 'Обсяг ЕК', 5, 'True', 'False', 'w60px', 'left: -5px;', ''),
(123, 5, NULL, 5, 60, 113, 'Кількість власних  Баз даних', 6, 'True', 'False', 'w60px', 'top: 120px;left: -80px;', ''),
(124, 5, NULL, 5, 60, 114, 'Обсяг власних БД', 7, 'True', 'False', 'w60px', 'left: -40px;', ''),
(125, 5, NULL, 5, 61, 115, 'Обсяг електронної (цифрової) <br/>бібліотеки', 8, 'True', 'False', 'w60px', 'top: 110px; left: -85px;', ''),
(126, 5, NULL, 5, 61, 116, 'з них документів, доступ до яких <br/>можливий через мережу Інтернет', 9, 'True', 'False', 'w60px', 'top: 110px; left: -95px;', ''),
(127, 5, NULL, 5, 62, 117, 'Кількість віддалених <br/>ліцензованих ресурсів', 10, 'True', 'False', 'w60px', 'top: 110px; left: -55px;', ''),
(128, 5, NULL, 5, 62, 118, 'Кількість звернень до віддалених <br/>ліцензованих ресурсів', 11, 'True', 'False', 'w60px', 'top: 110px; left: -100px;', ''),
(129, 6, NULL, 6, 42, 119, 'Кількість виконаних довідок', 1, 'True', 'False', 'h290px w60px', 'left: -65px;', ''),
(130, 6, NULL, 6, 42, 120, 'у т. ч. віртуальних', 2, 'True', 'False', 'w60px', 'left: -25px;', ''),
(131, 6, NULL, 6, 64, 163, 'Кількість абонентів МБА, ММБА', 3, 'True', 'False', 'w60px', 'top: 130px; left: -85px;', ''),
(132, 6, NULL, 6, 64, 121, 'Кількість виданих документів іншим <br/>бібліотекам через МБА, ММБА', 4, 'True', 'False', 'w60px', 'left: -100px; top: 125px;', ''),
(133, 6, NULL, 6, 64, 122, 'Кількість отриманих документів з <br/>інших бібліотек', 5, 'True', 'False', 'w60px', 'top: 125px;left: -90px;', ''),
(134, 7, NULL, 7, 43, 123, 'Загальна кількість працівників', 1, 'True', 'False', 'h270px w60px', 'left:-80px', ''),
(135, 7, NULL, 7, 44, 124, 'Кількість бібліотечних фахівців', 2, 'True', 'False', 'w60px', 'left: -85px;', ''),
(136, 7, 25, 7, 45, 125, 'повну вищу', 3, 'True', 'False', 'w60px', 'left: -10px;', ''),
(137, 7, 25, 7, 45, 126, 'у т. ч. спеціальну', 4, 'True', 'False', 'h150px w60px', 'top: 65px; left: -30px;', ''),
(138, 7, 25, 7, 45, 127, 'базову вищу', 5, 'True', 'False', 'w60px', 'left: -15px;', ''),
(139, 7, 25, 7, 45, 128, 'у т. ч. спеціальну', 6, 'True', 'False', 'w60px', 'top: 70px; left: -30px;', ''),
(140, 7, 26, 7, 46, 133, 'до 3 років', 7, 'True', 'False', 'w60px', 'left: -5px;', ''),
(141, 7, 26, 7, 46, 134, 'понад 3 роки ', 8, 'True', 'False', 'w60px', 'left: -15px;', ''),
(142, 7, 26, 7, 46, 135, 'понад 10 років ', 9, 'True', 'False', 'w60px', 'left: -20px;', ''),
(143, 7, 26, 7, 46, 136, 'понад 20 років', 10, 'True', 'False', 'w60px', 'left: -20px;', ''),
(144, 7, 27, 7, 47, 129, 'до 30 років', 11, 'True', 'False', 'w60px', 'left: -10px;', ''),
(145, 7, 27, 7, 47, 130, 'від 30 до 45 років ', 12, 'True', 'False', 'w60px', 'top: 65px; left: -30px;', ''),
(146, 7, 27, 7, 47, 131, 'від 45 до 60 років ', 13, 'True', 'False', 'w60px', 'top: 65px; left: -30px;', ''),
(147, 7, 27, 7, 47, 132, 'від 60 років', 14, 'True', 'False', 'w60px', 'left: -10px;', ''),
(148, 7, 28, 7, 48, 137, 'повний робочий день', 15, 'True', 'False', 'h180px w60px', 'top: 80px; left: -45px;', ''),
(149, 7, 28, 7, 48, 138, 'неповний робочий день', 16, 'True', 'False', 'w60px', 'top: 80px; left: -55px;', ''),
(150, 7, NULL, 7, 49, 139, 'Кількість бібліотечних фахівців, які <br/>підвищили свою кваліфікацію <br/>(протягом року)', 17, 'True', 'False', 'w60px', 'top: 110px; left: -100px;', ''),
(151, 7, NULL, 7, 50, 140, 'Загальна кількість навчань з ІТ для <br/>бібліотекарів ', 18, 'True', 'False', 'w60px', 'top: 130px; left: -95px;', ''),
(152, 7, NULL, 7, 50, 141, 'Кількість бібліотекарів, для яких <br/>організовано навчання у тренінгових <br/>центрах', 19, 'True', 'False', 'w60px', 'top: 110px; left: -100px;', ''),
(153, 8, NULL, 8, 51, 142, 'Загальна сума надходжень <br/>коштів за рік', 1, 'True', 'False', 'h200px w60px', 'top: 80px; left: -65px;', ''),
(154, 8, 29, 8, 52, 143, 'усього', 2, 'True', 'False', 'w60px', NULL, ''),
(155, 8, 30, 8, 53, 144, 'на оплату праці', 3, 'True', 'False', 'w60px', 'left: -25px', ''),
(156, 8, 30, 8, 53, 145, 'на комплектування', 4, 'True', 'False', 'w60px', 'top: 75px; left: -35px', ''),
(157, 8, 30, 8, 53, 146, 'у т. ч. на періодичні <br/>видання', 5, 'True', 'False', 'w60px', 'top: 60px; left: -40px;', ''),
(158, 8, 30, 8, 53, 147, 'на поточний і <br/>капітальний ремонти', 6, 'True', 'False', 'h160px w60px', 'top: 65px; left: -45px;', ''),
(159, 8, 30, 8, 53, 148, 'на придбання <br/>основних засобів', 7, 'True', 'False', 'w60px', 'top: 65px; left: -30px;', ''),
(160, 8, 31, 8, 54, 149, 'усього', 8, 'True', 'False', 'w60px', NULL, ''),
(161, 8, 32, 8, 55, 150, 'надання платних <br/>послуг', 9, 'True', 'False', 'w60px', 'top: 60px; left: -25px;', ''),
(162, 8, 32, 8, 55, 151, 'благодійні, <br/>спонсорські внески ', 10, 'True', 'False', 'w60px', 'top: 60px;left: -35px;', ''),
(163, 8, 32, 8, 55, 152, 'інші джерела', 11, 'True', 'False', 'w60px', 'top: 70px;left: -15px;', ''),
(164, 8, NULL, 8, 56, 153, 'Викорис-<br/>тання коштів, усього', 12, 'True', 'False', 'w60px', NULL, ''),
(165, 8, 33, 8, 57, 154, 'на оплату праці', 13, 'True', 'False', 'w60px', 'left: -25px;', ''),
(166, 8, 33, 8, 57, 155, 'на комплектування <br/>фонду', 14, 'True', 'False', 'w60px', 'top: 75px;left: -35px;', ''),
(167, 8, 33, 8, 57, 156, 'у т. ч. за рахунок коштів <br/>загального фонду', 15, 'True', 'False', 'w60px', 'top: 75px;left: -60px;', ''),
(168, 8, 33, 8, 57, 157, 'на поточний і <br/>капітальний ремонти', 16, 'True', 'False', 'w60px', 'top: 75px;left: -50px;', ''),
(169, 8, 33, 8, 57, 158, 'у т. ч. за рахунок коштів <br/>загального фонду', 17, 'True', 'False', 'w60px', 'top: 75px;left: -60px;', ''),
(170, 8, 33, 8, 57, 159, 'на придбання основних <br/>засобів', 18, 'True', 'False', 'w60px', 'top: 75px;left: -55px;', ''),
(171, 8, 33, 8, 57, 160, 'у т. ч. за рахунок коштів <br/>загального фонду', 19, 'True', 'False', 'w60px', 'top: 75px;left: -60px;', ''),
(172, 8, NULL, 8, 58, 161, 'Залишок коштів спеціаль<br/>ного фонду на кінець року', 20, 'True', 'False', 'w80px', NULL, ''),
(173, 2, 10, 2, 22, 183, 'Кількість годин, <br/>фактично відпрацьованих<br/>бібліотекою', 31, 'True', 'False', 'w110px', NULL, '');

-- --------------------------------------------------------

--
-- Структура таблицы `hkgroups`
--

CREATE TABLE `hkgroups` (
  `id` int(11) NOT NULL,
  `docum` int(11) NOT NULL,
  `name` varchar(150) NOT NULL,
  `sortnumber` int(11) NOT NULL,
  `visible` varchar(10) NOT NULL,
  `comments` varchar(10) NOT NULL
) ENGINE=InnoDB DEFAULT CHARSET=utf8;

--
-- Дамп данных таблицы `hkgroups`
--

INSERT INTO `hkgroups` (`id`, `docum`, `name`, `sortnumber`, `visible`, `comments`) VALUES
(1, 1, 'І.МАТЕРІАЛЬНО-ТЕХНІЧНА БАЗА', 1, 'True', ''),
(2, 1, 'ІІ. КОРИСТУВАЧІ, ВІДВІДУВАННЯ, ЗВЕРНЕННЯ ДО БІБЛІОТЕКИ', 2, 'True', ''),
(3, 1, 'ІІІ.ФОНДИ: НАДІЙШЛО, ВИБУЛО', 3, 'True', ''),
(4, 1, 'IV. ВИДАЧА', 4, 'True', ''),
(5, 1, 'V. EЛЕКТРОННІ РЕСУРСИ', 5, 'True', ''),
(6, 1, 'VI. ДОВІДКОВО-ІНФОРМАЦІЙНЕ ОБСЛУГОВУВАННЯ. <br/>МІЖБІБЛІОТЕЧНИЙ АБОНЕМЕНТ', 6, 'True', ''),
(7, 1, 'VII. ПЕРСОНАЛ БІБЛІОТЕКИ', 7, 'True', ''),
(8, 1, 'VIII. ФІНАНСУВАННЯ', 8, 'True', '');

-- --------------------------------------------------------

--
-- Структура таблицы `hksections`
--

CREATE TABLE `hksections` (
  `id` int(11) NOT NULL,
  `groupid` int(11) NOT NULL,
  `parentid` int(11) DEFAULT NULL,
  `name` varchar(80) NOT NULL,
  `SortNumber` int(11) DEFAULT NULL,
  `visible` varchar(5) NOT NULL,
  `colspan` int(11) NOT NULL,
  `rowspan` int(11) NOT NULL,
  `row` int(11) NOT NULL,
  `col` int(11) NOT NULL,
  `css` varchar(30) DEFAULT NULL,
  `style` varchar(30) DEFAULT NULL,
  `comments` varchar(30) DEFAULT NULL
) ENGINE=InnoDB DEFAULT CHARSET=utf8;

--
-- Дамп данных таблицы `hksections`
--

INSERT INTO `hksections` (`id`, `groupid`, `parentid`, `name`, `SortNumber`, `visible`, `colspan`, `rowspan`, `row`, `col`, `css`, `style`, `comments`) VALUES
(1, 1, NULL, 'у т. ч. ', 1, 'True', 2, 2, 1, 2, NULL, NULL, NULL),
(2, 1, NULL, 'Характеристика приміщень бібліотеки (од.)', 2, 'True', 11, 1, 1, 6, NULL, NULL, NULL),
(3, 1, NULL, 'Засоби зв`язку', 3, 'True', 3, 2, 1, 18, NULL, NULL, NULL),
(4, 1, NULL, 'Кількість технічних засобів (од.)', 4, 'True', 10, 2, 1, 21, NULL, NULL, NULL),
(5, 1, 2, 'Майнова ', 5, 'True', 2, 1, 2, 6, NULL, NULL, NULL),
(6, 1, 2, 'Технічна', 6, 'True', 4, 1, 2, 8, NULL, NULL, NULL),
(7, 1, 2, 'Опалення', 7, 'True', 2, 1, 2, 12, NULL, NULL, NULL),
(8, 1, 2, 'Освітлення', 8, 'True', 2, 1, 2, 14, NULL, NULL, NULL),
(9, 2, NULL, 'Кількість зареєстрованих користувачів за віком', 1, 'True', 6, 1, 1, 5, NULL, NULL, NULL),
(10, 2, NULL, 'Бібліотека працює годин на тиждень', 2, 'True', 5, 1, 1, 20, NULL, NULL, NULL),
(11, 2, NULL, 'Група за оплатою праці керівників', 3, 'True', 6, 1, 1, 25, NULL, NULL, NULL),
(12, 3, NULL, 'у т. ч. за видами', 1, 'True', 5, 1, 1, 2, NULL, NULL, NULL),
(13, 3, NULL, 'у т. ч. за мовами', 3, 'True', 4, 1, 1, 7, NULL, NULL, NULL),
(14, 3, NULL, 'За джерелами комплектування', 3, 'True', 4, 1, 1, 11, NULL, NULL, NULL),
(15, 3, NULL, 'у т. ч. за видами', 4, 'True', 5, 1, 1, 16, NULL, NULL, NULL),
(16, 3, NULL, 'у т. ч. за мовами', 5, 'True', 4, 1, 1, 21, NULL, NULL, NULL),
(17, 3, NULL, 'у т. ч. за видами', 6, 'True', 5, 1, 1, 26, NULL, NULL, NULL),
(18, 3, NULL, 'у т. ч. за мовами', 7, 'True', 4, 1, 1, 31, NULL, NULL, NULL),
(19, 4, NULL, 'у т. ч. за видами видань', 2, 'True', 5, 2, 1, 2, NULL, NULL, NULL),
(20, 4, NULL, 'у т. ч. за мовами', 2, 'True', 4, 2, 1, 7, NULL, NULL, NULL),
(21, 4, NULL, 'у т. ч. видано примірників дітям до 15 років', 3, 'True', 10, 1, 1, 11, NULL, NULL, NULL),
(22, 4, 21, 'у т. ч. за видами', 5, 'True', 5, 1, 2, 12, NULL, NULL, NULL),
(23, 4, 21, 'у т. ч. за мовами', 6, 'True', 4, 1, 2, 17, NULL, NULL, NULL),
(25, 7, NULL, 'з них мають освіту', 1, 'True', 4, 1, 1, 3, NULL, NULL, NULL),
(26, 7, NULL, 'Кількість бібліотечних фахівців, які мають стаж бібліотечної роботи', 2, 'True', 4, 1, 1, 7, NULL, NULL, NULL),
(27, 7, NULL, 'Віковий склад кадрів', 3, 'True', 4, 1, 1, 11, NULL, NULL, NULL),
(28, 7, NULL, 'Із загальної кількості бібліотечних фахівців працюють', 4, 'True', 2, 1, 1, 15, NULL, NULL, NULL),
(29, 8, NULL, 'Кошти загального фонду', 1, 'True', 6, 1, 1, 2, NULL, NULL, NULL),
(30, 8, 29, 'з них', 2, 'True', 5, 1, 2, 3, NULL, NULL, NULL),
(31, 8, NULL, 'Кошти спеціального фонду', 3, 'True', 4, 1, 1, 8, NULL, NULL, NULL),
(32, 8, 31, 'з них', 4, 'True', 3, 1, 2, 9, NULL, NULL, NULL),
(33, 8, NULL, 'з них', 5, 'True', 7, 1, 1, 13, NULL, NULL, NULL),
(34, 1, 2, '', 9, 'TRUE', 1, 1, 2, 16, NULL, NULL, NULL),
(35, 4, 21, '', 4, 'True', 1, 1, 2, 11, NULL, NULL, NULL);

-- --------------------------------------------------------

--
-- Структура таблицы `journal`
--

CREATE TABLE `journal` (
  `journal_id` int(11) NOT NULL,
  `journal_doc` int(11) NOT NULL,
  `journal_period` int(11) NOT NULL,
  `journal_library` int(11) NOT NULL,
  `journal_depart` int(11) NOT NULL,
  `journal_user` int(11) NOT NULL,
  `journal_date` date NOT NULL,
  `journal_status` int(11) NOT NULL,
  `journal_prim` varchar(200) NOT NULL
) ENGINE=InnoDB DEFAULT CHARSET=utf8;

--
-- Дамп данных таблицы `journal`
--

INSERT INTO `journal` (`journal_id`, `journal_doc`, `journal_period`, `journal_library`, `journal_depart`, `journal_user`, `journal_date`, `journal_status`, `journal_prim`) VALUES
(1, 1, 1, 9, 8, 12, '2021-11-13', 5, ''),
(2, 1, 1, 11, 8, 14, '2021-11-13', 5, ''),
(3, 1, 1, 15, 8, 18, '2021-11-13', 5, ''),
(4, 1, 1, 17, 8, 20, '2021-11-13', 1, ''),
(5, 1, 1, 19, 8, 22, '2021-11-13', 5, ''),
(6, 1, 1, 4, 8, 7, '2021-11-13', 5, ''),
(7, 1, 1, 8, 8, 11, '2021-11-13', 5, ''),
(8, 1, 1, 10, 8, 13, '2021-11-13', 5, ''),
(9, 1, 1, 14, 8, 17, '2021-11-13', 5, ''),
(10, 1, 1, 16, 8, 19, '2021-11-13', 5, ''),
(11, 1, 1, 18, 8, 21, '2021-11-13', 1, ''),
(12, 1, 1, 3, 8, 6, '2021-11-13', 5, ''),
(13, 1, 1, 5, 8, 8, '2021-11-13', 5, ''),
(14, 1, 1, 7, 8, 10, '2021-11-13', 5, ''),
(15, 1, 1, 1, 9, 2, '2021-11-13', 5, ''),
(16, 1, 1, 2, 8, 5, '2021-11-13', 5, ''),
(17, 1, 1, 13, 8, 16, '2021-11-13', 5, ''),
(18, 1, 1, 12, 8, 15, '2021-11-13', 5, ''),
(19, 1, 1, 6, 8, 9, '2021-11-13', 5, ''),
(20, 1, 2, 10, 8, 13, '2021-12-04', 3, ''),
(21, 1, 2, 5, 8, 8, '2021-12-04', 3, ''),
(22, 1, 2, 15, 8, 18, '2021-12-04', 3, ''),
(23, 1, 2, 18, 8, 21, '2021-12-04', 3, ''),
(24, 1, 2, 17, 8, 20, '2021-12-04', 3, ''),
(25, 1, 2, 3, 8, 6, '2021-12-04', 3, ''),
(26, 1, 2, 16, 8, 19, '2021-12-04', 3, ''),
(27, 1, 2, 19, 8, 22, '2021-12-04', 3, ''),
(28, 1, 2, 8, 8, 11, '2021-12-04', 3, ''),
(29, 1, 2, 4, 8, 7, '2021-12-04', 3, ''),
(30, 1, 2, 1, 9, 2, '2021-12-04', 3, ''),
(31, 1, 2, 2, 8, 5, '2021-12-04', 3, ''),
(32, 1, 2, 14, 8, 17, '2021-12-04', 3, ''),
(33, 1, 2, 11, 8, 14, '2021-12-04', 3, ''),
(34, 1, 2, 13, 8, 16, '2021-12-04', 3, ''),
(35, 1, 2, 12, 8, 15, '2021-12-04', 3, ''),
(36, 1, 2, 9, 8, 12, '2021-12-04', 3, ''),
(37, 1, 2, 7, 8, 10, '2021-12-04', 3, ''),
(38, 1, 2, 6, 8, 9, '2021-12-04', 3, '');

-- --------------------------------------------------------

--
-- Структура таблицы `librarys`
--

CREATE TABLE `librarys` (
  `library_id` int(11) NOT NULL,
  `library_name` varchar(150) NOT NULL,
  `library_sity_type` varchar(10) NOT NULL,
  `library_sity` varchar(50) NOT NULL,
  `library_address` varchar(200) NOT NULL,
  `liibrary_type` int(11) NOT NULL
) ENGINE=InnoDB DEFAULT CHARSET=utf8;

--
-- Дамп данных таблицы `librarys`
--

INSERT INTO `librarys` (`library_id`, `library_name`, `library_sity_type`, `library_sity`, `library_address`, `liibrary_type`) VALUES
(1, 'КЗ `Бібліотека для дорослих` ХМР', 'місто', 'Хмільник', 'просп Своболи, б. 19', 1),
(2, 'Бібліотека-філія с. Березна', 'село', 'Березна', 'вул Невідома 1', 2),
(3, 'Бібліотека-філія с. Великий Митник', 'село', 'Великий митник', '', 2),
(4, 'Бібліотека-філія с. Білий Рукав', 'село', 'Білий Рукав', '', 2),
(5, 'Бібліотека-філія с. Голодьки', 'село', 'Голодьки', '', 2),
(6, 'Бібліотека-філія с. Соколова', 'село', 'Соколова', '', 2),
(7, 'Бібліотека-філія с. Журавне', 'село', 'Журавне', '', 2),
(8, 'Бібліотека-філія с. Куманівці', 'село', 'Куманівці', '', 2),
(9, 'Бібліотека-філія с. Курилівка', 'село', 'Курилівка', '', 2),
(10, 'Бібліотека-філія с. Лелітка', 'село', 'Лелітка', '', 2),
(11, 'Бібліотека-філія с. Педоси', 'село', 'Педоси', '', 2),
(12, 'Бібліотека-філія с. Порик', 'село', 'Порик', '', 2),
(13, 'Бібліотека-філія с. Думенки', 'село', 'Думенки', '', 2),
(14, 'Бібліотека-філія с. Сьомаки', 'село', 'Сьомаки', '', 2),
(15, 'Бібліотека-філія с. Філіопіль', 'село', 'Філіопіль', '', 2),
(16, 'Бібліотека-філія с. Широка Гребля', 'село', 'Широка Гребля', '', 2),
(17, 'Бібліотека-філія с. Кожухів', 'село', 'Кожухів', '', 2),
(18, 'Бібліотека-філія с. Іванівці', 'село', 'Іванівці', '', 2),
(19, 'Бібліотека-філія с. Шевченко', 'село', 'Шевченко', '', 2);

-- --------------------------------------------------------

--
-- Структура таблицы `librarys_type`
--

CREATE TABLE `librarys_type` (
  `lt_id` int(11) NOT NULL,
  `lt_name` varchar(30) NOT NULL
) ENGINE=InnoDB DEFAULT CHARSET=utf8;

--
-- Дамп данных таблицы `librarys_type`
--

INSERT INTO `librarys_type` (`lt_id`, `lt_name`) VALUES
(1, 'Міська'),
(2, 'Сільська');

-- --------------------------------------------------------

--
-- Структура таблицы `menu`
--

CREATE TABLE `menu` (
  `menu_id` int(11) NOT NULL,
  `menu_parrent` int(11) NOT NULL,
  `menu_name` varchar(30) NOT NULL,
  `menu_icon` varchar(100) DEFAULT NULL,
  `menu_sort` int(11) NOT NULL DEFAULT 1,
  `menu_url` varchar(200) DEFAULT NULL,
  `menu_priv` int(11) NOT NULL DEFAULT 5
) ENGINE=InnoDB DEFAULT CHARSET=utf8;

--
-- Дамп данных таблицы `menu`
--

INSERT INTO `menu` (`menu_id`, `menu_parrent`, `menu_name`, `menu_icon`, `menu_sort`, `menu_url`, `menu_priv`) VALUES
(1, 0, 'Довідники', '', 1, '', 1),
(2, 1, 'Бібліотеки', NULL, 1, 'Librarys/', 2),
(3, 1, 'Бібліотекарі', NULL, 3, 'Librarians/', 2),
(4, 1, 'Документи', '', 4, 'Docunents/', 5),
(5, 0, 'Документи', '', 2, '', 1),
(6, 7, 'Річний звіт (зведений)', '', 1, 'Reports/nk', 1),
(7, 0, 'Звіти', NULL, 3, NULL, 2),
(8, 1, 'Меню', NULL, 5, 'Menu/', 91);

-- --------------------------------------------------------

--
-- Структура таблицы `periods`
--

CREATE TABLE `periods` (
  `period_id` int(11) NOT NULL,
  `period_name` varchar(30) NOT NULL
) ENGINE=InnoDB DEFAULT CHARSET=utf8;

--
-- Дамп данных таблицы `periods`
--

INSERT INTO `periods` (`period_id`, `period_name`) VALUES
(1, '2020 рік'),
(2, '2021 рік');

-- --------------------------------------------------------

--
-- Структура таблицы `privilege`
--

CREATE TABLE `privilege` (
  `priv_id` int(11) NOT NULL,
  `priv_name` varchar(30) NOT NULL
) ENGINE=InnoDB DEFAULT CHARSET=utf8;

--
-- Дамп данных таблицы `privilege`
--

INSERT INTO `privilege` (`priv_id`, `priv_name`) VALUES
(1, 'Бібліотекаp'),
(2, 'Методист'),
(3, 'Заступник'),
(4, 'Директор'),
(5, 'Програміст');

-- --------------------------------------------------------

--
-- Структура таблицы `sections`
--

CREATE TABLE `sections` (
  `id` int(11) NOT NULL,
  `groupid` int(11) NOT NULL,
  `name` varchar(30) NOT NULL,
  `description` varchar(255) DEFAULT NULL,
  `SortNumber` int(11) DEFAULT NULL
) ENGINE=InnoDB DEFAULT CHARSET=utf8;

--
-- Дамп данных таблицы `sections`
--

INSERT INTO `sections` (`id`, `groupid`, `name`, `description`, `SortNumber`) VALUES
(1, 1, 'Секція №1', '', 1),
(2, 1, 'Секція №2', '', 2),
(3, 1, 'Секція №3', '', 3),
(4, 1, 'Секція №4', 'Майнова характеристика приміщень бібліотеки', 4),
(5, 1, 'Секція №5', 'Технічна характеристика приміщень бібліотеки', 5),
(6, 1, 'Секція №6', 'інші характеристики приміщень бібліотеки', 6),
(7, 1, 'Секція №9', 'Місця для користувачів', 9),
(8, 1, 'Секція №10', 'Засоби зв\'язку', 10),
(9, 1, 'Секція №11', 'Кількість технічних засобів', 11),
(10, 1, 'Секція №7', '', 7),
(11, 1, 'Секція №8', '', 8),
(12, 1, 'Секція №12', '', 12),
(13, 1, 'Секція №13', '', 13),
(14, 1, 'Секція №14', '', 14),
(15, 1, 'Секція №15', '', 15),
(16, 1, 'Секція №16', '', 17),
(17, 2, 'Секція №1', '', 1),
(18, 2, 'Секція №2', '', 2),
(19, 2, 'Секція №3', 'Кількість зареєстрованих користувачів за віком', 3),
(20, 2, 'Секція №4', '', 4),
(21, 2, 'Секція №5', '', 5),
(22, 2, 'Секція №6', 'Бібліотека працює годин', 7),
(23, 2, 'Секція №7', 'Група за оплатою праці керівних працівників та централізованих бібліотечних систем', 8),
(24, 3, 'Секція №1', '', 1),
(25, 3, 'Секція №2', 'У т.ч. за видами', 2),
(26, 3, 'Секція №3', 'У т.ч. за мовами', 3),
(27, 3, 'Секція №4', 'За джерелами комплектування', 4),
(28, 3, 'Секція №5', '', 5),
(29, 3, 'Секція №6', 'У т.ч. за видами', 6),
(30, 3, 'Секція №7', 'У т.ч. за мовами', 7),
(31, 3, 'Секція №8', '', 8),
(32, 3, 'Секція №9', 'У т.ч. за видами', 9),
(33, 3, 'Секція №10', 'У т.ч. за мовами', 10),
(34, 3, 'Секція №11', '', 11),
(35, 4, 'Секція №1', '', 1),
(36, 4, 'Секція №2', 'У т.ч. за видами видань', 2),
(37, 4, 'Секція №3', 'У т.ч. за мовами', 3),
(38, 4, 'Секція №4', 'У т.ч. видано примірників дітям до 15 років', 4),
(39, 4, 'Секція №5', 'У т.ч. за видами (видано дітям до 15 років)', 5),
(40, 4, 'Секція №6', 'У т.ч. за мовами (видано дітям до 15 років)', 6),
(41, 5, 'Секція №1', '', 1),
(42, 6, 'Секція №1', '', 1),
(43, 7, 'Секція №1', '', 1),
(44, 7, 'Секція №2', '', 2),
(45, 7, 'Секція №3', 'З них мають освіту', 3),
(46, 7, 'Секція №4', 'Кількість бібліотечних фахівців, які мають стаж бібліотечної роботи', 4),
(47, 7, 'Секція №5', 'Віковий склад кадрів', 5),
(48, 7, 'Секція №6', 'із загальної кількості бібліотечних фахівців працюють', 6),
(49, 7, 'Секція №7', '', 7),
(50, 7, 'Секція №8', '', 8),
(51, 8, 'Секція №1', '', 1),
(52, 8, 'Секція №2', 'Кошти загального фонду', 2),
(53, 8, 'Секція №3', '', 3),
(54, 8, 'Секція №4', 'Кошти спеціального фонду', 4),
(55, 8, 'Секція №5', '', 5),
(56, 8, 'Секція №6', 'Використання коштів', 6),
(57, 8, 'Секція №7', '', 7),
(58, 8, 'Секція №8', '', 8),
(59, 5, 'Секція №2', '', 2),
(60, 5, 'Секція №3', '', 3),
(61, 5, 'Секція №4', '', 4),
(62, 5, 'Секція №5', '', 5),
(64, 6, 'Секція №2', '', 2),
(74, 1, 'Секція №17', '', 16),
(75, 2, 'Секція №8', '', 6);

-- --------------------------------------------------------

--
-- Структура таблицы `users`
--

CREATE TABLE `users` (
  `user_id` int(11) NOT NULL,
  `user_login` varchar(30) NOT NULL,
  `user_passw` varchar(200) NOT NULL,
  `user_name` varchar(150) DEFAULT NULL,
  `user_priv` int(11) NOT NULL,
  `user_fname` varchar(100) NOT NULL,
  `user_email` varchar(100) NOT NULL,
  `user_libr` int(11) NOT NULL,
  `user_dep` int(11) NOT NULL DEFAULT 8
) ENGINE=InnoDB DEFAULT CHARSET=utf8;

--
-- Дамп данных таблицы `users`
--

INSERT INTO `users` (`user_id`, `user_login`, `user_passw`, `user_name`, `user_priv`, `user_fname`, `user_email`, `user_libr`, `user_dep`) VALUES
(1, '0634936376', '202cb962ac59075b964b07152d234b70', 'Коновалюк', 5, 'Віталій  Петрович', 'vkonovaluck@gmail.com', 1, 1),
(2, '0962600652', 'c33367701511b4f6020ec61ded352059', 'Моргун', 2, 'Яна Вікторівна', '', 1, 9),
(3, '123456789', '', 'Курилюк', 1, 'Людмила Володимирывна', '', 1, 5),
(4, '0123456789', '', 'Домбровська', 1, 'Олена Петрівна', '', 1, 6),
(5, '0686225841', 'c33367701511b4f6020ec61ded352059', 'Перащук', 1, 'Галина Михайлівна', '', 2, 8),
(6, '0680431315', 'c33367701511b4f6020ec61ded352059', 'Каньшина', 1, 'Ольга Сергіївна', '', 3, 8),
(7, '0987617008', 'c33367701511b4f6020ec61ded352059', 'Микитюк', 1, 'Наталія Олександрівна', '', 4, 8),
(8, '0989035774', 'c33367701511b4f6020ec61ded352059', 'Бронюк', 1, 'Леся Олександрівна', '', 5, 8),
(9, '0686225840', 'c33367701511b4f6020ec61ded352059', 'Якобнюк', 1, 'Галина Карлівна', '', 6, 8),
(10, '0973613397', 'c33367701511b4f6020ec61ded352059', 'Якимчук', 1, 'Олена Іванівна', '', 7, 8),
(11, '0672768134', 'c33367701511b4f6020ec61ded352059', 'Кухар', 1, 'Тетяна Іваніна', '', 8, 8),
(12, '0987876937', 'c33367701511b4f6020ec61ded352059', 'Ціховська', 1, 'Валентина Йосипівна', '', 9, 8),
(13, '0638273562', 'c33367701511b4f6020ec61ded352059', 'Іванкова', 1, 'Світлана Анатолівна', '', 10, 8),
(14, '0977213438', 'c33367701511b4f6020ec61ded352059', 'Рачок', 1, 'Наталія Іванівна', '', 11, 8),
(15, '0678986414', 'c33367701511b4f6020ec61ded352059', 'Тушевська', 1, 'Алла Леонідівна', '', 12, 8),
(16, '0989966804', 'c33367701511b4f6020ec61ded352059', 'Самолюк', 1, 'Ніна Іванівна', '', 13, 8),
(17, '0970702441', 'c33367701511b4f6020ec61ded352059', 'Рак', 1, 'Лідія Леонідівна', '', 14, 8),
(18, '0963264706', 'c33367701511b4f6020ec61ded352059', 'Гринчук', 1, 'Валентина Анатолівна', '', 15, 8),
(19, '0963726812', 'c33367701511b4f6020ec61ded352059', 'Кицик', 1, 'Наталія Валерівна', '', 16, 8),
(20, '0988871069', 'c33367701511b4f6020ec61ded352059', 'Дусь', 1, 'Ірина Миколаївна', '', 17, 8),
(21, '0687561713', 'c33367701511b4f6020ec61ded352059', 'Дрейчук', 1, 'Юлія Вікторівга', '', 18, 8),
(22, '0987880089', 'c33367701511b4f6020ec61ded352059', 'Кондратюк', 1, 'Валентина федорівна', '', 19, 8),
(23, '0969552386', 'c33367701511b4f6020ec61ded352059', 'Охота', 3, 'Ольга Миколаївна', '', 1, 1);

--
-- Индексы сохранённых таблиц
--

--
-- Индексы таблицы `department`
--
ALTER TABLE `department`
  ADD PRIMARY KEY (`dep_id`);

--
-- Индексы таблицы `documents`
--
ALTER TABLE `documents`
  ADD PRIMARY KEY (`document_id`);

--
-- Индексы таблицы `document_data`
--
ALTER TABLE `document_data`
  ADD PRIMARY KEY (`dd_id`);

--
-- Индексы таблицы `document_status`
--
ALTER TABLE `document_status`
  ADD PRIMARY KEY (`ds_id`);

--
-- Индексы таблицы `document_status_log`
--
ALTER TABLE `document_status_log`
  ADD PRIMARY KEY (`dsl_id`);

--
-- Индексы таблицы `Fields`
--
ALTER TABLE `Fields`
  ADD PRIMARY KEY (`id`);

--
-- Индексы таблицы `groups`
--
ALTER TABLE `groups`
  ADD PRIMARY KEY (`id`);

--
-- Индексы таблицы `hkfields`
--
ALTER TABLE `hkfields`
  ADD PRIMARY KEY (`id`);

--
-- Индексы таблицы `hkgroups`
--
ALTER TABLE `hkgroups`
  ADD PRIMARY KEY (`id`);

--
-- Индексы таблицы `hksections`
--
ALTER TABLE `hksections`
  ADD PRIMARY KEY (`id`);

--
-- Индексы таблицы `journal`
--
ALTER TABLE `journal`
  ADD PRIMARY KEY (`journal_id`);

--
-- Индексы таблицы `librarys`
--
ALTER TABLE `librarys`
  ADD PRIMARY KEY (`library_id`);

--
-- Индексы таблицы `librarys_type`
--
ALTER TABLE `librarys_type`
  ADD PRIMARY KEY (`lt_id`);

--
-- Индексы таблицы `menu`
--
ALTER TABLE `menu`
  ADD PRIMARY KEY (`menu_id`);

--
-- Индексы таблицы `periods`
--
ALTER TABLE `periods`
  ADD PRIMARY KEY (`period_id`);

--
-- Индексы таблицы `privilege`
--
ALTER TABLE `privilege`
  ADD PRIMARY KEY (`priv_id`);

--
-- Индексы таблицы `users`
--
ALTER TABLE `users`
  ADD PRIMARY KEY (`user_id`);

--
-- AUTO_INCREMENT для сохранённых таблиц
--

--
-- AUTO_INCREMENT для таблицы `department`
--
ALTER TABLE `department`
  MODIFY `dep_id` int(11) NOT NULL AUTO_INCREMENT, AUTO_INCREMENT=10;

--
-- AUTO_INCREMENT для таблицы `documents`
--
ALTER TABLE `documents`
  MODIFY `document_id` int(11) NOT NULL AUTO_INCREMENT, AUTO_INCREMENT=3;

--
-- AUTO_INCREMENT для таблицы `document_data`
--
ALTER TABLE `document_data`
  MODIFY `dd_id` int(11) NOT NULL AUTO_INCREMENT, AUTO_INCREMENT=9862;

--
-- AUTO_INCREMENT для таблицы `document_status`
--
ALTER TABLE `document_status`
  MODIFY `ds_id` int(11) NOT NULL AUTO_INCREMENT, AUTO_INCREMENT=6;

--
-- AUTO_INCREMENT для таблицы `document_status_log`
--
ALTER TABLE `document_status_log`
  MODIFY `dsl_id` int(11) NOT NULL AUTO_INCREMENT, AUTO_INCREMENT=20;

--
-- AUTO_INCREMENT для таблицы `Fields`
--
ALTER TABLE `Fields`
  MODIFY `id` int(11) NOT NULL AUTO_INCREMENT, AUTO_INCREMENT=185;

--
-- AUTO_INCREMENT для таблицы `groups`
--
ALTER TABLE `groups`
  MODIFY `id` int(11) NOT NULL AUTO_INCREMENT, AUTO_INCREMENT=9;

--
-- AUTO_INCREMENT для таблицы `hkfields`
--
ALTER TABLE `hkfields`
  MODIFY `id` int(11) NOT NULL AUTO_INCREMENT, AUTO_INCREMENT=174;

--
-- AUTO_INCREMENT для таблицы `hkgroups`
--
ALTER TABLE `hkgroups`
  MODIFY `id` int(11) NOT NULL AUTO_INCREMENT, AUTO_INCREMENT=9;

--
-- AUTO_INCREMENT для таблицы `hksections`
--
ALTER TABLE `hksections`
  MODIFY `id` int(11) NOT NULL AUTO_INCREMENT, AUTO_INCREMENT=36;

--
-- AUTO_INCREMENT для таблицы `journal`
--
ALTER TABLE `journal`
  MODIFY `journal_id` int(11) NOT NULL AUTO_INCREMENT, AUTO_INCREMENT=39;

--
-- AUTO_INCREMENT для таблицы `librarys`
--
ALTER TABLE `librarys`
  MODIFY `library_id` int(11) NOT NULL AUTO_INCREMENT, AUTO_INCREMENT=20;

--
-- AUTO_INCREMENT для таблицы `librarys_type`
--
ALTER TABLE `librarys_type`
  MODIFY `lt_id` int(11) NOT NULL AUTO_INCREMENT, AUTO_INCREMENT=3;

--
-- AUTO_INCREMENT для таблицы `menu`
--
ALTER TABLE `menu`
  MODIFY `menu_id` int(11) NOT NULL AUTO_INCREMENT, AUTO_INCREMENT=9;

--
-- AUTO_INCREMENT для таблицы `periods`
--
ALTER TABLE `periods`
  MODIFY `period_id` int(11) NOT NULL AUTO_INCREMENT, AUTO_INCREMENT=3;

--
-- AUTO_INCREMENT для таблицы `privilege`
--
ALTER TABLE `privilege`
  MODIFY `priv_id` int(11) NOT NULL AUTO_INCREMENT, AUTO_INCREMENT=6;

--
-- AUTO_INCREMENT для таблицы `users`
--
ALTER TABLE `users`
  MODIFY `user_id` int(11) NOT NULL AUTO_INCREMENT, AUTO_INCREMENT=24;
COMMIT;

/*!40101 SET CHARACTER_SET_CLIENT=@OLD_CHARACTER_SET_CLIENT */;
/*!40101 SET CHARACTER_SET_RESULTS=@OLD_CHARACTER_SET_RESULTS */;
/*!40101 SET COLLATION_CONNECTION=@OLD_COLLATION_CONNECTION */;
